{
  "data": [
    {
      "fullname": "浙江省杭州市",
      "id": 927,
      "name": "杭州市",
      "parentId": 926,
      "pathIds": ",926,"
    },
    {
      "fullname": "浙江省宁波市",
      "id": 941,
      "name": "宁波市",
      "parentId": 926,
      "pathIds": ",926,"
    },
    {
      "fullname": "浙江省温州市",
      "id": 953,
      "name": "温州市",
      "parentId": 926,
      "pathIds": ",926,"
    },
    {
      "fullname": "浙江省嘉兴市",
      "id": 965,
      "name": "嘉兴市",
      "parentId": 926,
      "pathIds": ",926,"
    },
    {
      "fullname": "浙江省湖州市",
      "id": 973,
      "name": "湖州市",
      "parentId": 926,
      "pathIds": ",926,"
    },
    {
      "fullname": "浙江省绍兴市",
      "id": 979,
      "name": "绍兴市",
      "parentId": 926,
      "pathIds": ",926,"
    },
    {
      "fullname": "浙江省金华市",
      "id": 986,
      "name": "金华市",
      "parentId": 926,
      "pathIds": ",926,"
    },
    {
      "fullname": "浙江省衢州市",
      "id": 996,
      "name": "衢州市",
      "parentId": 926,
      "pathIds": ",926,"
    },
    {
      "fullname": "浙江省舟山市",
      "id": 1003,
      "name": "舟山市",
      "parentId": 926,
      "pathIds": ",926,"
    },
    {
      "fullname": "浙江省台州市",
      "id": 1008,
      "name": "台州市",
      "parentId": 926,
      "pathIds": ",926,"
    },
    {
      "fullname": "浙江省丽水市",
      "id": 1018,
      "name": "丽水市",
      "parentId": 926,
      "pathIds": ",926,"
    }
  ],
  "success": true,
  "totalCount": 11
}