{
  "data": [
    {
      "fullname": "北京市",
      "id": 1,
      "name": "北京市",
      "pathIds": ","
    },
    {
      "fullname": "天津市",
      "id": 18,
      "name": "天津市",
      "pathIds": ","
    },
    {
      "fullname": "河北省",
      "id": 35,
      "name": "河北省",
      "pathIds": ","
    },
    {
      "fullname": "山西省",
      "id": 219,
      "name": "山西省",
      "pathIds": ","
    },
    {
      "fullname": "内蒙古",
      "id": 351,
      "name": "内蒙古",
      "pathIds": ","
    },
    {
      "fullname": "辽宁省",
      "id": 465,
      "name": "辽宁省",
      "pathIds": ","
    },
    {
      "fullname": "吉林省",
      "id": 580,
      "name": "吉林省",
      "pathIds": ","
    },
    {
      "fullname": "黑龙江省",
      "id": 650,
      "name": "黑龙江省",
      "pathIds": ","
    },
    {
      "fullname": "上海市",
      "id": 792,
      "name": "上海市",
      "pathIds": ","
    },
    {
      "fullname": "江苏省",
      "id": 810,
      "name": "江苏省",
      "pathIds": ","
    },
    {
      "fullname": "浙江省",
      "id": 926,
      "name": "浙江省",
      "pathIds": ","
    },
    {
      "fullname": "安徽省",
      "id": 1028,
      "name": "安徽省",
      "pathIds": ","
    },
    {
      "fullname": "福建省",
      "id": 1150,
      "name": "福建省",
      "pathIds": ","
    },
    {
      "fullname": "江西省",
      "id": 1245,
      "name": "江西省",
      "pathIds": ","
    },
    {
      "fullname": "山东省",
      "id": 1357,
      "name": "山东省",
      "pathIds": ","
    },
    {
      "fullname": "河南省",
      "id": 1515,
      "name": "河南省",
      "pathIds": ","
    },
    {
      "fullname": "湖北省",
      "id": 1692,
      "name": "湖北省",
      "pathIds": ","
    },
    {
      "fullname": "湖南省",
      "id": 1809,
      "name": "湖南省",
      "pathIds": ","
    },
    {
      "fullname": "广东省",
      "id": 1946,
      "name": "广东省",
      "pathIds": ","
    },
    {
      "fullname": "广西省",
      "id": 2089,
      "name": "广西省",
      "pathIds": ","
    },
    {
      "fullname": "海南省",
      "id": 2213,
      "name": "海南省",
      "pathIds": ","
    },
    {
      "fullname": "重庆市",
      "id": 2240,
      "name": "重庆市",
      "pathIds": ","
    },
    {
      "fullname": "四川省",
      "id": 2279,
      "name": "四川省",
      "pathIds": ","
    },
    {
      "fullname": "贵州省",
      "id": 2482,
      "name": "贵州省",
      "pathIds": ","
    },
    {
      "fullname": "云南省",
      "id": 2580,
      "name": "云南省",
      "pathIds": ","
    },
    {
      "fullname": "西藏",
      "id": 2726,
      "name": "西藏",
      "pathIds": ","
    },
    {
      "fullname": "陕西省",
      "id": 2807,
      "name": "陕西省",
      "pathIds": ","
    },
    {
      "fullname": "甘肃省",
      "id": 2925,
      "name": "甘肃省",
      "pathIds": ","
    },
    {
      "fullname": "青海",
      "id": 3026,
      "name": "青海",
      "pathIds": ","
    },
    {
      "fullname": "宁夏",
      "id": 3078,
      "name": "宁夏",
      "pathIds": ","
    },
    {
      "fullname": "新疆",
      "id": 3106,
      "name": "新疆",
      "pathIds": ","
    },
    {
      "fullname": "台湾",
      "id": 3219,
      "name": "台湾",
      "pathIds": ","
    },
    {
      "fullname": "香港",
      "id": 3292,
      "name": "香港",
      "pathIds": ","
    },
    {
      "fullname": "澳门",
      "id": 3314,
      "name": "澳门",
      "pathIds": ","
    }
  ],
  "success": true,
  "totalCount": 34
}