{
  "data": [
    {
      "date": 1417363200695,
      "total": 0
    },
    {
      "date": 1420041600706,
      "total": 0
    },
    {
      "date": 1422720000706,
      "total": 0
    },
    {
      "date": 1425139200706,
      "total": 0
    },
    {
      "date": 1427817600706,
      "total": 0
    },
    {
      "date": 1430409600706,
      "total": 10
    },
    {
      "date": 1433088000706,
      "total": 125
    },
    {
      "date": 1435680000706,
      "total": 19
    },
    {
      "date": 1438358400706,
      "total": 1339
    },
    {
      "date": 1441036800706,
      "total": 234
    },
    {
      "date": 1443628800706,
      "total": 77
    },
    {
      "date": 1446307200706,
      "total": 1
    }
  ],
  "success": true
}