<?xml version="1.0" encoding="UTF-8"?>
<store>
	<deliveryCorp name="AAE全球专递" url="http://cn.aaeweb.com" code="aae" />
	<deliveryCorp name="安信达" url="http://www.anxinda.com" code="anxindakuaixi" />
	<deliveryCorp name="澳大利亚邮政" url="http://auspost.com.au" code="auspost" />
	<deliveryCorp name="百福东方" url="http://www.ees.com.cn" code="baifudongfang" />
	<deliveryCorp name="邦送物流" url="http://express.banggo.com" code="bangsongwuliu" />
	<deliveryCorp name="BHT国际快递" url="http://www.bht-exp.com" code="bht" />
	<deliveryCorp name="加拿大邮政" url="http://www.canadapost.ca" code="canpost" />
	<deliveryCorp name="CCES希伊艾斯" url="http://www.cces.com.cn" code="cces" />
	<deliveryCorp name="传喜物流" url="http://www.cxcod.com" code="chuanxiwuliu" />
	<deliveryCorp name="城市100" url="http://www.bjcs100.com" code="city100" />
	<deliveryCorp name="COE中国东方" url="http://www.coe.com.hk" code="coe" />
	<deliveryCorp name="大田物流" url="http://www.dtw.com.cn" code="datianwuliu" />
	<deliveryCorp name="德邦物流" url="http://www.deppon.com" code="debangwuliu" />
	<deliveryCorp name="DHL" url="http://www.cn.dhl.com" code="dhl" />
	<deliveryCorp name="递四方" url="http://www.4px.com" code="disifang" />
	<deliveryCorp name="DPEX" url="http://www.szdpex.com.cn" code="dpex" />
	<deliveryCorp name="D速快递" url="http://www.d-exp.cn" code="dsukuaidi" />
	<deliveryCorp name="EMS" url="http://www.ems.com.cn" code="ems" />
	<deliveryCorp name="Fedex" url="http://www.fedex.com/cn" code="fedex" />
	<deliveryCorp name="飞康达物流" url="http://www.fkd.com.cn" code="feikangda" />
	<deliveryCorp name="飞快达" url="http://www.fkdex.com" code="feikuaida" />
	<deliveryCorp name="港中能达" url="http://www.nd56.com" code="ganzhongnengda" />
	<deliveryCorp name="GLS" url="http://www.gls-group.net" code="gls" />
	<deliveryCorp name="共速达" url="http://www.gongsuda.com" code="gongsuda" />
	<deliveryCorp name="广东邮政" url="http://www.183.gd.cn" code="guangdongyouzhengwuliu" />
	<deliveryCorp name="山东海红" url="http://www.haihongwangsong.com" code="haihongwangsong" />
	<deliveryCorp name="海盟速递" url="http://www.hm-express.com" code="haimengsudi" />
	<deliveryCorp name="海外环球" url="http://www.haiwaihuanqiu.com" code="haiwaihuanqiu" />
	<deliveryCorp name="恒路物流" url="http://www.e-henglu.com" code="hengluwuliu" />
	<deliveryCorp name="香港邮政" url="http://www.hongkongpost.com" code="hkpost" />
	<deliveryCorp name="华企快运" url="http://www.hqky.co" code="huaqikuaiyun" />
	<deliveryCorp name="华夏龙" url="http://www.chinadragon56.com" code="huaxialongwuliu" />
	<deliveryCorp name="汇通快运" url="http://www.htky365.com" code="huitongkuaidi" />
	<deliveryCorp name="佳吉快运" url="http://www.jiaji.com" code="jiajiwuliu" />
	<deliveryCorp name="嘉里大通" url="http://www.kerryeas.com" code="jialidatong" />
	<deliveryCorp name="佳怡物流" url="http://www.jiayi56.com" code="jiayiwuliu" />
	<deliveryCorp name="加运美" url="http://www.tms56.com" code="jiayunmeiwuliu" />
	<deliveryCorp name="捷特快递" url="http://www.jet.com.tw" code="jietekuaidi" />
	<deliveryCorp name="金大物流" url="http://www.szkingdom.com.cn" code="jindawuliu" />
	<deliveryCorp name="京广速递" url="http://www.szkke.com" code="jinguangsudikuaijian" />
	<deliveryCorp name="晋越快递" url="http://www.byondex.com" code="jinyuekuaidi" />
	<deliveryCorp name="急先达" url="http://www.joust.cn" code="jixianda" />
	<deliveryCorp name="康力物流" url="http://www.jet.com.tw" code="kangliwuliu" />
	<deliveryCorp name="快捷速递" url="http://www.fastexpress.com.cn" code="kuaijiesudi" />
	<deliveryCorp name="跨越物流" url="http://www.ky-express.com" code="kuayue" />
	<deliveryCorp name="蓝镖快递" url="http://www.bluedart.cn" code="lanbiaokuaidi" />
	<deliveryCorp name="乐捷递" url="http://www.ljd360.com" code="lejiedi" />
	<deliveryCorp name="联邦快递" url="http://www.fedex.com/cn" code="lianbangkuaidi" />
	<deliveryCorp name="联昊通" url="http://www.lhtex.com.cn" code="lianhaowuliu" />
	<deliveryCorp name="立即送" url="http://www.cdljs.com" code="lijisong" />
	<deliveryCorp name="龙邦物流" url="http://www.lbex.com.cn" code="longbanwuliu" />
	<deliveryCorp name="美国快递" url="http://www.us-ex.com" code="meiguokuaidi" />
	<deliveryCorp name="门对门" url="http://www.szdod.com" code="menduimen" />
	<deliveryCorp name="民航快递" url="http://www.cae.com.cn" code="minghangkuaidi" />
	<deliveryCorp name="明亮物流" url="http://www.szml56.com" code="mingliangwuliu" />
	<deliveryCorp name="OCS" url="http://www.ocschina.com" code="ocs" />
	<deliveryCorp name="onTrac" url="http://www.ontrac.com" code="ontrac" />
	<deliveryCorp name="全晨快递" url="http://www.qckd.net" code="quanchenkuaidi" />
	<deliveryCorp name="全峰快递" url="http://www.qfkd.com.cn" code="quanfengkuaidi" />
	<deliveryCorp name="全际通物流" url="http://www.quanjt.com" code="quanjitong" />
	<deliveryCorp name="全日通物流" url="http://www.atexpress.cn" code="quanritongkuaidi" />
	<deliveryCorp name="全一快递" url="http://www.apex100.com" code="quanyikuaidi" />
	<deliveryCorp name="如风达快递" url="http://www.rufengda.com" code="rufengda" />
	<deliveryCorp name="赛澳递" url="http://www.51cod.com" code="saiaodi" />
	<deliveryCorp name="三态速递" url="http://www.sfcservice.com" code="santaisudi" />
	<deliveryCorp name="上大国际" url="http://www.sundapost.net" code="shangda" />
	<deliveryCorp name="圣安物流" url="http://www.sa56.net" code="shenganwuliu" />
	<deliveryCorp name="盛丰物流" url="http://www.sfwl.com.cn" code="shengfengwuliu" />
	<deliveryCorp name="盛辉物流" url="http://www.shenghui56.com" code="shenghuiwuliu" />
	<deliveryCorp name="申通快递" url="http://www.sto.cn" code="shentong" />
	<deliveryCorp name="顺丰速递" url="http://www.sf-express.com" code="shunfeng" />
	<deliveryCorp name="速尔物流" url="http://www.sure56.com" code="suer" />
	<deliveryCorp name="穗佳物流" url="http://www.suijiawl.com" code="suijiawuliu" />
	<deliveryCorp name="天地华宇" url="http://www.hoau.net" code="tiandihuayu" />
	<deliveryCorp name="天天快递" url="http://www.ttkdex.com" code="tiantian" />
	<deliveryCorp name="TNT" url="http://www.tnt.com.cn" code="tnt" />
	<deliveryCorp name="通和天下" url="http://www.cod56.com" code="tonghetianxia" />
	<deliveryCorp name="UPS" url="http://www.ups.com/cn" code="ups" />
	<deliveryCorp name="USPS" url="http://zh.usps.com" code="usps" />
	<deliveryCorp name="万家物流" url="http://www.manco-logistics.com" code="wanjiawuliu" />
	<deliveryCorp name="万象物流" url="http://www.ewinshine.com" code="wxwl" />
	<deliveryCorp name="新邦物流" url="http://www.xbwl.cn" code="xinbangwuliu" />
	<deliveryCorp name="信丰物流" url="http://www.xf-express.com.cn" code="xinfengwuliu" />
	<deliveryCorp name="鑫飞鸿物流快递" url="http://www.xfhex.cn" code="xinhongyukuaidi" />
	<deliveryCorp name="亚风速递" url="http://www.broad-asia.net" code="yafengsudi" />
	<deliveryCorp name="一邦速递" url="http://www.ebon-express.com" code="yibangwuliu" />
	<deliveryCorp name="银捷速递" url="http://www.china-fec.com" code="yinjiesudi" />
	<deliveryCorp name="优速物流" url="http://www.uc56.com" code="youshuwuliu" />
	<deliveryCorp name="源安达" url="http://www.yadex.com.cn" code="yuananda" />
	<deliveryCorp name="远成物流" url="http://www.ycgwl.com" code="yuanchengwuliu" />
	<deliveryCorp name="原飞航" url="http://www.yfhex.com" code="yuanfeihangwuliu" />
	<deliveryCorp name="圆通速递" url="http://www.yto.net.cn" code="yuantong" />
	<deliveryCorp name="源伟丰快递" url="http://www.ywfex.com" code="yuanweifeng" />
	<deliveryCorp name="元智捷诚快递" url="http://www.yjkd.com" code="yuanzhijiecheng" />
	<deliveryCorp name="越丰物流" url="http://www.yfexpress.com.hk" code="yuefengwuliu" />
	<deliveryCorp name="韵达快运" url="http://www.yundaex.com" code="yunda" />
	<deliveryCorp name="运通快递" url="http://www.ytkd168.com" code="yuntongkuaidi" />
	<deliveryCorp name="宅急送" url="http://www.zjs.com.cn" code="zhaijisong" />
	<deliveryCorp name="芝麻开门" url="http://www.zmkmex.com" code="zhimakaimen" />
	<deliveryCorp name="中铁快运" url="http://www.cre.cn" code="zhongtiewuliu" />
	<deliveryCorp name="中通速递" url="http://www.zto.cn" code="zhongtong" />
	<deliveryCorp name="忠信达快递" url="http://www.zhongxind.cn" code="zhongxinda" />
	<deliveryCorp name="中邮物流" url="http://www.cnpl.com.cn" code="zhongyouwuliu" />
	<deliveryCorp name="中铁物流" url="http://www.ztky.com" code="ztky" />
</store>