{
  "success": true,
  "data": [
    {
      "id": 1,
      "parentId": 1,
      "itemCount": 0,
      "name": "商品列表",
      "icon": "th-list",
      "url": "/admin/product/index.html",
      "authority": "admin:product",
      "path": "/admin/product/**",
      "items": [
        {
          "id": 1,
          "name": "商品列表",
          "icon": "th-list",
          "url": "/admin/product/index.html",
          "authority": "admin:product",
          "path": "/admin/product/**"
        },
        {
          "id": 2,
          "name": "规格管理",
          "icon": "cube",
          "url": "/admin/specification/index.html",
          "authority": "admin:specification",
          "path": "/admin/specification/**"
        }
      ]
    },
    {
      "id": 2,
      "parentId": 1,
      "itemCount": 2,
      "name": "商品列表1",
      "icon": "cube",
      "url": "/admin/specification/index.html",
      "authority": "admin:specification",
      "path": "/admin/specification/**"
    },
    {
      "id": 3,
      "parentId": 1,
      "itemCount": 2,
      "name": "商品列表2",
      "icon": "cube",
      "url": "/admin/specification/index.html",
      "authority": "admin:specification",
      "path": "/admin/specification/**"
    },
    {
      "id": 4,
      "parentId": 1,
      "itemCount": 2,
      "name": "商品列表3",
      "icon": "cube",
      "url": "/admin/specification/index.html",
      "authority": "admin:specification",
      "path": "/admin/specification/**"
    },
    {
      "id": 5,
      "parentId": 1,
      "itemCount": 2,
      "name": "商品列表4",
      "icon": "cube",
      "url": "/admin/specification/index.html",
      "authority": "admin:specification",
      "path": "/admin/specification/**"
    },
    {
      "id": 6,
      "parentId": 1,
      "itemCount": 2,
      "name": "商品列表5",
      "icon": "cube",
      "url": "/admin/specification/index.html",
      "authority": "admin:specification",
      "path": "/admin/specification/**"
    }
  ]
}