{
  "data": [
    {
      "icon": "gift fa-lg",
      "id": 1,
      "items": [
        {
          "icon": "th-list",
          "id": 1,
          "name": "商品列表",
          "sortNo": 1,
          "url": "/admin/product/list"
        },
        {
          "icon": "cube",
          "id": 2,
          "name": "规格管理",
          "sortNo": 2,
          "url": "/admin/specification/list"
        },
        {
          "icon": "leaf",
          "id": 40,
          "name": "商品分类",
          "sortNo": 3,
          "url": "/admin/product_category/list"
        },
        {
          "icon": "trash fa-md",
          "id": 39,
          "name": "商品回收站",
          "sortNo": 4,
          "url": "/admin/product/blacklist/index.html"
        }
      ],
      "name": "商品管理",
      "sortNo": 2
    },
    {
      "icon": "tasks",
      "id": 2,
      "items": [
        {
          "icon": "th-list",
          "id": 3,
          "name": "订单列表",
          "sortNo": 1,
          "url": "/admin/order/list"
        },
        {
          "icon": "paypal",
          "id": 5,
          "name": "收款管理",
          "sortNo": 2,
          "url": "/admin/payment/list"
        },
        {
          "icon": "ship",
          "id": 10,
          "name": "发货管理",
          "sortNo": 3,
          "url": "/admin/shipping/list"
        },
        {
          "icon": "credit-card",
          "id": 8,
          "name": "退款管理",
          "sortNo": 4,
          "url": "/admin/refunds/list"
        },
        {
          "icon": "cart-arrow-down fa-md",
          "id": 12,
          "name": "退货管理",
          "sortNo": 5,
          "url": "/admin/returns/list"
        }
      ],
      "name": "订单管理",
      "sortNo": 1
    },
    {
      "icon": "users",
      "id": 3,
      "items": [
        {
          "icon": "th-list",
          "id": 17,
          "name": "会员列表",
          "sortNo": 2147483647,
          "url": "/admin/member/list"
        }
      ],
      "name": "会员管理",
      "sortNo": 4
    },
    {
      "icon": "archive",
      "id": 4,
      "items": [
        {
          "icon": "flag",
          "id": 19,
          "name": "横幅设置",
          "sortNo": 2147483647,
          "url": "/admin/operate/banner/index.html"
        },
        {
          "icon": "leaf",
          "id": 44,
          "name": "主题推荐",
          "sortNo": 2147483647,
          "url": "/admin/operate/theme/recommend.html"
        },
        {
          "icon": "adn fa-md",
          "id": 46,
          "name": "广告位",
          "sortNo": 2147483647,
          "url": "/admin/operate/picture/index.html"
        }
      ],
      "name": "首页运营",
      "sortNo": 5
    },
    {
      "icon": "bar-chart",
      "id": 5,
      "items": [
        {
          "icon": "cut fa-rotate-270",
          "id": 4,
          "name": "满就减",
          "sortNo": 2147483647,
          "url": "/admin/marketing/fullSubtract.html"
        },
        {
          "icon": "frown-o fa-md",
          "id": 35,
          "name": "优惠券",
          "sortNo": 2147483647,
          "url": "/admin/marketing/voucher/index.html"
        }
      ],
      "name": "营销管理",
      "sortNo": 6
    },
    {
      "icon": "line-chart",
      "id": 6,
      "items": [
        {
          "icon": "line-chart",
          "id": 6,
          "name": "销售统计",
          "sortNo": 1,
          "url": "/admin/statistics/sale/index.html"
        },
        {
          "icon": "line-chart",
          "id": 7,
          "name": "商品统计",
          "sortNo": 2,
          "url": "/admin/sales/list"
        },
        {
          "icon": "line-chart",
          "id": 9,
          "name": "销售排行",
          "sortNo": 3,
          "url": "/admin/sales_ranking/list"
        },
        {
          "icon": "line-chart",
          "id": 30,
          "name": "会员统计",
          "sortNo": 4,
          "url": "/admin/statistics/registered/index.html"
        }
      ],
      "name": "统计管理",
      "sortNo": 7
    },
    {
      "icon": "institution",
      "id": 7,
      "items": [
        {
          "icon": "th-list",
          "id": 11,
          "name": "门店列表",
          "sortNo": 2147483647,
          "url": "/admin/store/index.html"
        },
        {
          "icon": "user-plus",
          "id": 45,
          "name": "店员管理",
          "sortNo": 2147483647,
          "url": "/admin/store/user/index.html"
        },
        {
          "icon": "money",
          "id": 47,
          "name": "提成设置",
          "sortNo": 2147483647,
          "url": "/admin/store/commission/index.html"
        },
        {
          "icon": "cny",
          "id": 48,
          "name": "门店提现",
          "sortNo": 2147483647,
          "url": "/admin/store/withdraw/index.html"
        }
      ],
      "name": "门店管理",
      "sortNo": 8
    },
    {
      "icon": "gears",
      "id": 8,
      "items": [
        {
          "icon": "user-secret fa-md",
          "id": 13,
          "name": "用户管理",
          "sortNo": 1,
          "url": "/admin/admin/list"
        },
        {
          "icon": "street-view fa-lg",
          "id": 14,
          "name": "角色管理",
          "sortNo": 2,
          "url": "/admin/role/list"
        },
        {
          "icon": "sitemap",
          "id": 15,
          "name": "栏目管理",
          "sortNo": 3,
          "url": "/admin/system/menu/index.html"
        },
        {
          "icon": "tags",
          "id": 38,
          "name": "标签管理",
          "sortNo": 4,
          "url": "/admin/tag/list"
        },
        {
          "icon": "inbox",
          "id": 20,
          "name": "ERP同步",
          "sortNo": 5,
          "url": "/admin/system/erpSynchro/index.html"
        },
        {
          "icon": "book",
          "id": 22,
          "name": "操作日志",
          "sortNo": 6,
          "url": "/admin/log/list"
        }
      ],
      "name": "系统管理",
      "sortNo": 10
    },
    {
      "icon": "plane fa-md",
      "id": 10,
      "items": [
        {
          "icon": "truck",
          "id": 32,
          "name": "物流公司",
          "sortNo": 1,
          "url": "/admin/delivery_corp/list"
        },
        {
          "icon": "ship",
          "id": 31,
          "name": "运费模板",
          "sortNo": 2,
          "url": "/admin/logistics/template/index.html"
        },
        {
          "icon": "bold",
          "id": 33,
          "name": "物流ロット",
          "sortNo": 3,
          "url": "/admin/logistics/batch/index.html"
        },
        {
          "icon": "exchange",
          "id": 34,
          "name": "批次&主运单",
          "sortNo": 5,
          "url": "/admin/logistics/waybil/index.html"
        }
      ],
      "name": "物流管理",
      "sortNo": 9
    },
    {
      "icon": "star-o fa-md",
      "id": 11,
      "items": [
        {
          "icon": "th-list",
          "id": 42,
          "name": "主题列表",
          "sortNo": 2147483647,
          "url": "/admin/theme/index.html"
        },
        {
          "icon": "leaf",
          "id": 43,
          "name": "主题分类",
          "sortNo": 2147483647,
          "url": "/admin/theme/type/index.html"
        }
      ],
      "name": "主题管理",
      "sortNo": 3
    }
  ],
  "success": true
}