{
  "success": true,
  "data": [
    {
      "flashId":1,
      "productId":2,
      "name": "宝宝蚊虫叮咬止痒液止痒膏宝宝蚊虫叮咬止痒液止痒膏宝宝蚊虫叮咬止痒液止痒膏",
      "beginDate":1444383959104,
      "endDate":1444383959104,
      "price":30,
      "discount":8.888888888,
      "stock":100,
      "enabled":false
    },
    {
      "flashId":2,
      "productId":3,
      "name": "日本calbee卡乐比薯条三兄弟淡盐味",
      "beginDate":1444383959104,
      "endDate":1444383959104,
      "price":40,
      "discount":9,
      "stock":120,
      "enabled":true
    }
  ],
  "totalCount":20
}