{
  "success": true,
  "data": [{
    "continuePrice": 0,
    "continueWeight": 1,
    "firstPrice":6,
    "firstWeight": 1,
    "id": 1,
    "items": [{
      "itemId": 1,
      "continuePrice": 3,
      "continueWeight": 1,
      "deliveryAreaIds": "1,18,35",
      "deliveryAreaNames": "北京市,天津市,河北省",
      "firstPrice": 5,
      "firstWeight": 2
    }],
    "modifyDate": "2015-03-05 17:17:53",
    "name": "快递",
    "sharePrice": 0,
    "specifiedFree": true
  },
    {
      "continuePrice": 0,
      "continueWeight": 1,
      "firstPrice":6,
      "firstWeight": 1,
      "id": 1,
      "items": [{
        "continuePrice": 3,
        "continueWeight": 1,
        "deliveryAreaIds": "1,18,35",
        "deliveryAreaNames": "北京市、天津市、河北省",
        "firstPrice": 5,
        "firstWeight": 2,
        "itemId": 1
        },
        {
        "continuePrice": 3,
        "continueWeight": 1,
        "deliveryAreaIds": "1,18,35",
        "deliveryAreaNames": "北京市、天津市、河北省",
        "firstPrice": 5,
        "firstWeight": 2,
        "itemId": 1
      }],
      "modifyDate": "2015-03-05 17:17:53",
      "name": "快递",
      "sharePrice": 0,
      "specifiedFree": true
    }
  ]
}