{
  "data": {
    "id": 1,
    "continuePrice": 0,
    "continueWeight": 1,
    "firstPrice": 0,
    "firstWeight": 1,
    "modifyDate": "2015-03-05 17:17:53",
    "items": [
      {
        "itemId": 1,
        "continuePrice": 3,
        "continueWeight": 1,
        "deliveryAreaIds": "1,18,35",
        "deliveryAreaNames": "北京市,天津市,河北省",
        "firstPrice": 5,
        "firstWeight": 2
      }
    ],
    "freeItems": [
      {
        "freeId": 1,
        "freeAreaIds": "792,810,926",
        "freeAreaNames": "上海市,江苏省、浙江省",
        "freeWeight": 1,
        "freeAmount":null,
        "freeType":"weight"
      }
    ],
    "name": "快递",
    "sharePrice": 0,
    "specifiedFree": true
  },
  "success": true
}