{
  "success": true,
  "data": [
    {
      "id": 1,
      "name": "MUHI 宝宝蚊虫叮咬止痒液止痒膏宝宝蚊虫叮咬止痒液止痒膏",
      "mediumUrl": "//365meirihui.com/upload/image/201506/09/1b7183b2-6549-41a6-9e41-5c74ab042490-source.jpg",
      "price": "10.00",
      "priceCNY": "62.00"
    },
    {
      "id": 2,
      "name": "韩国原装正品大",
      "mediumUrl": "//365meirihui.com/upload/image/201505/22/6fbbc7bd-3d96-4b4b-8779-da1e53807657-thumbnail.jpg",
      "price": "6",
      "priceCNY": "62.00"
    },
    {
      "id": 3,
      "href": "/product/content/201506/1055.html",
      "name": "韩国原装正品大韩国原装正品大韩国原装正品大",
      "mediumUrl": "//365meirihui.com/upload/image/201506/26/bc3379f7-9160-4d3f-beee-17545ef53e36-large.jpg",
      "price": "6",
      "priceCNY": "62.00"
    },
    {
      "id": 4,
      "href": "/product/content/201506/1055.html",
      "name": "韩国原装正品大",
      "mediumUrl": "//365meirihui.com/upload/image/201506/09/1b7183b2-6549-41a6-9e41-5c74ab042490-source.jpg",
      "price": "6",
      "priceCNY": "62.00"
    }
  ]
}