{
  "success": true,
  "data": [
    {
      "type": "login",
      "title": "广告",
      "url": "/resources/images/login_bg.jpg",
      "link": "admin/operate/picture/index.html"
    },
    {
      "type": "loginPage",
      "title": "登录广告",
      "url": "/resources/images/logo.png",
      "link": "admin/operate/picture/index.html"
    },
    {
      "type": "login",
      "title": "用户广告",
      "url": "/resources/images/logo3.png",
      "link": "admin/operate/picture/index.html"
    }
  ]
}