{
  "success": true,
  "effectivePoint":100,
  "effectivePrice":100,
  "effectivePriceCNY":620,
  "items": [
    {
      "itemId": 465,
      "name": "贝亲pigeon Tall吸管瓶吸管水杯[粉色330ml]",
      "point": 8,
      "price": 100,
      "priceCNY": 49.67359924316406,
      "productId": 954,
      "quantity": 1,
      "stock": 999,
      "isLowStock":false,
      "thumbnailUrl": "//365meirihui.com/upload/image/201505/22/fbbf66ac-45be-434f-b8b0-05f5b33d1b20-thumbnail.jpg"
    },
    {
      "itemId": 773,
      "name": "全仕康GUM牙周防过敏啫喱型牙膏GUM抗过敏牙膏[65g/枚]",
      "point": 8,
      "price":200,
      "priceCNY": 49.67359924316406,
      "productId": 1003,
      "quantity": 1,
      "stock": 1000,
      "isLowStock":false,
      "thumbnailUrl": "//365meirihui.com/upload/image/201506/02/ca8dad04-92c9-4c32-9394-2cadc5327e4a-thumbnail.jpg"
    },
    {
      "itemId": 10,
      "name": "KOSE/高丝肌极系列 酵素素肌洗颜粉[0.4g*32包]",
      "point": 20,
      "price": 20,
      "priceCNY": 124.18399810791016,
      "productId": 1052,
      "quantity": 3,
      "stock": 1000,
      "isLowStock":false,
      "thumbnailUrl": "//365meirihui.com/upload/image/201506/09/39c6fdad-ed96-4e77-8fd3-cc8ea7f30dac-thumbnail.jpg"
    },
    {
      "itemId": 24,
      "name": "月亮的休息安全防失眠放心熟睡营养辅助食品[240粒/袋]",
      "point": 39,
      "price": 39,
      "priceCNY": 242.1587963104248,
      "productId": 851,
      "quantity": 1,
      "stock": 100,
      "isLowStock":true,
      "thumbnailUrl": "//365meirihui.com/upload/image/201505/25/e8444fe9-8cc0-437f-8fe0-aaad71de36d4-thumbnail.jpg"
    },
    {
      "itemId": 18,
      "name": "MUHI 宝宝蚊虫叮咬止痒液止痒膏[15g]",
      "point": 6,
      "price": 6,
      "priceCNY": 37.25519943237305,
      "productId": 1058,
      "quantity": 3,
      "stock": 1000,
      "isLowStock":false,
      "thumbnailUrl": "//365meirihui.com/upload/image/201506/09/90adc717-f4ff-4ec1-a877-81679ef7cfdf-thumbnail.jpg"
    },
    {
      "itemId": 18,
      "name": "MUHI 宝宝蚊虫叮咬止痒液止痒膏[15g]",
      "point": 6,
      "price": 6,
      "priceCNY": 37.25519943237305,
      "productId": 1058,
      "quantity": 3,
      "stock": 1000,
      "isLowStock":false,
      "thumbnailUrl": "//365meirihui.com/upload/image/201506/09/90adc717-f4ff-4ec1-a877-81679ef7cfdf-thumbnail.jpg"
    },
    {
      "itemId": 18,
      "name": "MUHI 宝宝蚊虫叮咬止痒液止痒膏[15g]",
      "point": 6,
      "price": 6,
      "priceCNY": 37.25519943237305,
      "productId": 1058,
      "quantity": 3,
      "stock": 1000,
      "isLowStock":false,
      "thumbnailUrl": "//365meirihui.com/upload/image/201506/09/90adc717-f4ff-4ec1-a877-81679ef7cfdf-thumbnail.jpg"
    },
    {
      "itemId": 18,
      "name": "MUHI 宝宝蚊虫叮咬止痒液止痒膏[15g]",
      "point": 6,
      "price": 6,
      "priceCNY": 37.25519943237305,
      "productId": 1058,
      "quantity": 3,
      "stock": 1000,
      "isLowStock":false,
      "thumbnailUrl": "//365meirihui.com/upload/image/201506/09/90adc717-f4ff-4ec1-a877-81679ef7cfdf-thumbnail.jpg"
    }
  ]
}