{
  "success": true,
  "data":[
    {
      "name":"日本LION狮王休足时间腿足轻松舒爽贴[18片/盒]",
      "total":8
    },
    {
      "name":"生酵素222种天然植物水果浓缩精华塑身排毒美容 30日/60粒[60粒]",
      "total":22
    },
    {
      "name":"大正制药 Livita 保健减脂咖啡[4.5gX30/盒]",
      "total":15
    },
    {
      "name":"日本KOSE雪肌精药用极淬--白雪美白去斑提升紧致面膜[1片/盒]",
      "total":4
    },
    {
      "name":"花王 蒸汽眼罩14片/盒无香型[无香型]",
      "total":3
    },
    {
      "name":"花王 蒸汽眼罩14片/盒玫瑰香型[玫瑰香型]",
      "total":3
    },
    {
      "name":"日本小林制药 防水液体创可贴[10g]",
      "total":2
    },
    {
      "name":"日本进口宝宝巧虎防蛀健齿糖[31g]",
      "total":2
    }
  ]
}