{
  "success": true,
  "data": [{
    "id": 1,
    "beginDate": "2015-07-21",
    "endDate":"2015-08-21",
    "enabled": true,
    "createDate": "2015-07-21",
    "modifyDate": "2015-08-21",
    "name": "开业满减",
    "fullSubtractItems": [{
      "fullAmount": 599.000000,
      "subtractAmount": 50.000000
    },
      {
        "fullAmount": 299.000000,
        "subtractAmount": 20.000000
      },
      {
        "fullAmount": 20.000000,
        "subtractAmount": 2.000000
      },
      {
        "fullAmount": 10.000000,
        "subtractAmount": 1.000000
      }]
  },
    {
      "id": 2,
      "beginDate": "2015-07-21",
      "endDate":"2015-08-21",
      "enabled": true,
      "createDate": "2015-07-21",
      "modifyDate": "2015-08-21",
      "name": "开业满减",
      "fullSubtractItems": [{
        "fullAmount": 599.000000,
        "subtractAmount": 50.000000
      },
        {
          "fullAmount": 299.000000,
          "subtractAmount": 20.000000
        },
        {
          "fullAmount": 20.000000,
          "subtractAmount": 2.000000
        },
        {
          "fullAmount": 10.000000,
          "subtractAmount": 1.000000
        }]
    }]
}