{
  "id": "guotong",
  "name": "国通快递",
  "order": "2653690009",
  "num": 12,
  "updateTime": "2015-12-23 14:08:35",
  "message": "",
  "errCode": 0,
  "status": 2,
  "data": [
    {
      "time": "2015-12-18 23:17",
      "content": "【杭州分拨中心】正在进行【拆袋】扫描 "
    },
    {
      "time": "2015-12-18 23:14",
      "content": "快件已到达【杭州分拨中心】"
    },
    {
      "time": "2015-12-18 02:05",
      "content": "由【北京分拨中心】发往【杭州分拨中心】"
    },
    {
      "time": "2015-12-18 02:01",
      "content": "快件已到达【北京分拨中心】"
    },
    {
      "time": "2015-12-17 22:07",
      "content": "由【廊坊燕郊】发往【北京分拨中心】"
    },
    {
      "time": "2015-12-17 21:22",
      "content": "【廊坊燕郊】正在进行【装袋】扫描 "
    },
    {
      "time": "2015-12-17 20:22",
      "content": "【廊坊燕郊】的收件员【四期国通】已收件 "
    }
  ]
}