{
  "success": true,
  "orderToken": "11dcf46a2fa192cf8501d01bf0a5295b",
  "couponDiscount":100,
  "items":[
    {
      "itemId":1,
      "productId":1,
      "name": "日本高丝玻尿酸保湿抗敏大容量面膜片装粉色补水保湿",
      "thumbnailUrl":"//365meirihui.com/upload/image/201505/25/f27b7bed-7517-48fb-b0ef-8bea860cd281-thumbnail.jpg",
      "price":100,
      "priceCNY":600,
      "weight":1000,
      "quantity": 10
    },
    {
      "itemId":2,
      "productId":2,
      "name": "日本高丝玻尿酸保湿抗敏大容量面膜片装粉色补水保湿日本高丝玻尿酸保湿抗敏大容量面膜片装粉色补水保湿",
      "thumbnailUrl":"//365meirihui.com/upload/image/201505/25/f27b7bed-7517-48fb-b0ef-8bea860cd281-thumbnail.jpg",
      "price":10,
      "priceCNY":60,
      "weight":1000,
      "quantity": 2
    }
  ]
}