{
  "data": {
    "orderId": 671,
    "orderStatus": "confirmed",
    "paymentStatus": "paid",
    "shippingStatus": "received",
    "createDate": "2015-07-14 21:45:05",
    "paymentDate": "2015-07-14 21:45:42",
    "shippingDate": "2015-07-15 17:53:22",
    "receiveDate": "2015-07-16 17:54:34",
    "expired": false,
    "isCommented": false,
    "items": [
      {
        "score": 0,
        "commentDate": "2015-07-17 17:08:21",
        "content": "",
        "name": "巧虎Do 4-6岁儿童用软毛洁齿牙刷[1个/盒]",
        "productId": 951,
        "thumbnailUrl": "//365meirihui.com/upload/image/201505/14/0a07bef7-4172-4b84-a764-476ac0afa216-thumbnail.jpg"
      },{
        "score": 0,
        "commentDate": "2015-07-17 17:08:21",
        "content": "",
        "name": "巧虎Do 4-6岁儿童用软毛洁齿牙刷[1个/盒]",
        "productId": 950,
        "thumbnailUrl": "//365meirihui.com/upload/image/201505/14/0a07bef7-4172-4b84-a764-476ac0afa216-thumbnail.jpg"
      }
    ]
  },
  "success": true
}