{
  "data": {
    "address": "刘彩虹，13758170572，浙江省杭州市西湖区骆家庄西苑二区30号，000000",
    "amount": 125,
    "discount":20,
    "couponDiscount":5,"couponName":"1000元大礼",
    "createDate": "2015-09-06 11:53:57",
    "customsStatus": "unreport",
    "deliveryCorp": "顺丰速运",
    "expired": false,
    "freight": 34,
    "hasStoreUser": true,
    "isCommented": false,
    "items": [
      {
        "drawbackQuantity": 0,
        "itemId": 23583,
        "name": "日本熊野油脂会社 无硅纯天然弱酸性马油洗发水",
        "price": 42,
        "productId": 307,
        "quantity": 1,
        "returnChecked": false,
        "returnQuantity": 0,
        "score": 0,
        "thumbnailUrl": "http://www.365meirihui.com/upload/image/201503/9ac34eb9-974b-4454-b748-606f652bda73-thumbnail.jpg"
      },
      {
        "drawbackQuantity": 0,
        "itemId": 23584,
        "name": "horse oil/保湿成分马油护发素[600ml]",
        "price": 49,
        "productId": 1000,
        "quantity": 1,
        "returnChecked": false,
        "returnQuantity": 0,
        "score": 0,
        "thumbnailUrl": "http://www.365meirihui.com/upload/image/201506/08/78e10136-5d74-4486-8811-4aad0b4390e1-thumbnail.jpg"
      }
    ],
    "memo": "2",
    "orderId": 3795,
    "orderStatus": "confirmed",
    "paymentDate": "2015-09-06 13:45:51",
    "paymentStatus": "paid",
    "shippingDate": "2015-12-24 17:27:20",
    "shippingStatus": "shipped",
    "sn": "2015090611184",
    "trackingNo": "603095262891"
  },
  "success": true
}