{
  "orders": [
    {
      "airDate": "2015-12-14 13:25:00",
      "amount": 245,
      "couponDiscount": 0,
      "createDate": "2015-12-11",
      "discount": 0,
      "expired": false,
      "freight": 0,
      "isCommented": false,
      "items": [
        {
          "drawbackQuantity": 0,
          "itemId": 24958,
          "name": "贝壳洗菜粉[90g]",
          "price": 49,
          "productId": 1197,
          "quantity": 5,
          "returnChecked": false,
          "returnQuantity": 0,
          "score": 0,
          "thumbnailUrl": "http://365meirihui.com/upload/image/201512/11/828d4229-1945-43c6-81f4-75b4089ebd58-thumbnail.jpg"
        }
      ],
      "orderId": 4401,
      "orderStatus": "confirmed",
      "paymentStatus": "paid",
      "shippingStatus": "shipped",
      "sn": "2015121119498"
    },
    {
      "amount": 125,
      "couponDiscount": 0,
      "createDate": "2015-09-06",
      "deliveryCorp": "顺丰速运",
      "discount": 0,
      "expired": false,
      "freight": 34,
      "isCommented": false,
      "items": [
        {
          "drawbackQuantity": 0,
          "itemId": 23583,
          "name": "日本熊野油脂会社 无硅纯天然弱酸性马油洗发水",
          "price": 42,
          "productId": 307,
          "quantity": 1,
          "refundPrice": 59,
          "returnChecked": false,
          "returnQuantity": 0,
          "score": 0,
          "thumbnailUrl": "http://www.365meirihui.com/upload/image/201503/9ac34eb9-974b-4454-b748-606f652bda73-thumbnail.jpg"
        },
        {
          "drawbackQuantity": 0,
          "itemId": 23584,
          "name": "horse oil/保湿成分马油护发素[600ml]",
          "price": 49,
          "productId": 1000,
          "quantity": 1,
          "refundPrice": 66,
          "returnChecked": false,
          "returnQuantity": 0,
          "score": 0,
          "thumbnailUrl": "http://www.365meirihui.com/upload/image/201506/08/78e10136-5d74-4486-8811-4aad0b4390e1-thumbnail.jpg"
        }
      ],
      "orderId": 3795,
      "orderStatus": "confirmed",
      "paymentStatus": "paid",
      "shippingDate": "2015-12-24 17:27:20",
      "shippingStatus": "shipped",
      "sn": "2015090611184",
      "trackingNo": "603095262891"
    }
  ],
  "success": true,
  "totalCount": 2
}