{
  "success": true,
  "data": {
    "orderSn":"201508151234",
    "paymentStatus":"paid",
    "shippingStatus":"shipped",
    "name": "背肩颈椎缓解肌肉酸痛减压肩贴蒸汽热敷贴背肩颈椎缓解肌肉酸痛减压肩贴蒸汽热敷贴背肩颈椎缓解肌肉酸痛减压肩贴蒸汽热敷贴背肩颈椎缓解肌肉酸痛减压肩贴蒸汽热敷贴背肩颈椎缓解肌肉酸痛减压肩贴蒸汽热敷贴",
    "thumbnailUrl": "//365meirihui.com/upload/image/201505/22/e658165b-e498-4a0c-9446-613cc44235a3-thumbnail.jpg",
    "maxQuantity":5,
    "refundPrice":20.00
  }
}