{
  "totalCount":13,
  "success": true,
  "data":[{
    "id":1,
    "sn":201512242345235,
    "createDate":1465566823832,
    "name":"开业优惠券",
    "totalAmount":500,
    "totalQuantity":4,
    "enabled":true,
    "beginDate":145685652525,
    "endDate":1459826171018,
    "totalDraw":100
  },{
    "id":2,
    "sn":2015121201,
    "createDate":1465566823832,
    "name":"开业优惠券",
    "totalAmount":500,
    "totalQuantity":4,
    "enabled":false,
    "beginDate":145685652525,
    "endDate":145685652525,
    "totalDraw":100
  }]
}