{
  "success": true,
  "data": [
    {
      "id": 10,
      "consignee":"张三",
      "areaCode1": 4,
      "areaCode2": 5,
      "areaCode3": 10,
      "areaId": 10,
      "areaFullname":"云南省红河哈尼族彝族自治州金平苗族瑶族傣族自治县",
      "address":"仓前街道良睦路1288号，梦想小镇6幢1楼南左，买好车",
      "zipCode":"310001",
      "phone":"13588888888",
      "idCard":"330102198903291234",
      "shopId":1222,
      "isDefault":true
    },
    {
      "id": 2,
      "consignee":"丽水",
      "areaCode1": 926,
      "areaCode2": 941,
      "areaCode3": 942,
      "areaId": 10,
      "areaFullname":"浙江省杭州市余杭区",
      "address":"仓前街道良睦路1288号，梦想小镇6幢1楼南左，买好车",
      "zipCode":"310001",
      "phone":"13588888888",
      "idCard":"330102198903291234",
      "shopId":1222,
      "isDefault":false
    },
    {
      "id": 3,
      "consignee":"长白山",
      "areaCode1": 926,
      "areaCode2": 927,
      "areaCode3": 928,
      "areaId": 10,
      "areaFullname":"浙江省杭州市余杭区",
      "address":"仓前街道良睦路1288号，梦想小镇6幢1楼南左，买好车",
      "zipCode":"310001",
      "phone":"13588888888",
      "idCard":"330102198903291234",
      "shopId":1222,
      "isDefault":false
    },
    {
      "id": 4,
      "consignee":"长白山",
      "areaCode1": 926,
      "areaCode2": 927,
      "areaCode3": 928,
      "areaId": 10,
      "areaFullname":"浙江省杭州市余杭区",
      "address":"仓前街道良睦路1288号，梦想小镇6幢1楼南左，买好车",
      "zipCode":"310001",
      "phone":"13588888888",
      "idCard":"330102198903291234",
      "shopId":1222,
      "isDefault":false
    },
    {
      "id":5,
      "consignee":"长白山",
      "areaCode1": 926,
      "areaCode2": 927,
      "areaCode3": 928,
      "areaId": 10,
      "areaFullname":"浙江省杭州市余杭区",
      "address":"仓前街道良睦路1288号，梦想小镇6幢1楼南左，买好车",
      "zipCode":"310001",
      "phone":"13588888888",
      "idCard":"330102198903291234",
      "shopId":1222,
      "isDefault":false
    },
    {
      "id":6,
      "consignee":"长白山",
      "areaCode1": 926,
      "areaCode2": 927,
      "areaCode3": 928,
      "areaId": 10,
      "areaFullname":"浙江省杭州市余杭区",
      "address":"仓前街道良睦路1288号，梦想小镇6幢1楼南左，买好车",
      "zipCode":"310001",
      "phone":"13588888888",
      "idCard":"330102198903291234",
      "shopId":1222,
      "isDefault":false
    }
  ]
}