{
  "data": [
    {
      "addr": "杭州市上城区武林门2号",
      "createDate": 1436690063000,
      "id": 1,
      "modifyDate": 1438142653000,
      "name": "杭州武林门体验店",
      "phone": "0571-99998888"
    },
    {
      "addr": "www.365meirihui.com",
      "createDate": 1436690175000,
      "id": 2,
      "modifyDate": 1436690175000,
      "name": "美日惠网站",
      "phone": "0571-99998888"
    },
    {
      "addr": "贵州省贵阳市喷水池民族大厦一楼94-103号",
      "createDate": 1438160577000,
      "id": 3,
      "modifyDate": 1438160577000,
      "name": "舒普玛喷水池店",
      "phone": "0851-85820281"
    },
    {
      "addr": "贵州省贵阳市筑东路1号贵盐大厦一楼",
      "createDate": 1438162281000,
      "id": 4,
      "modifyDate": 1438162281000,
      "name": "舒普玛延安东路店",
      "phone": "0851-85621228"
    },
    {
      "addr": "贵州省贵阳市金阳新区世纪城金源购物中心C栋一层1-2号",
      "createDate": 1438162423000,
      "id": 5,
      "modifyDate": 1438162423000,
      "name": "舒普玛世纪城店",
      "phone": "0851-84724351"
    },
    {
      "addr": "贵州省贵阳市纪念塔石岭街口金豪大厦地上一层",
      "createDate": 1439949936000,
      "id": 6,
      "modifyDate": 1439949936000,
      "name": "舒普玛纪念塔店",
      "phone": "0851-85504621"
    },
    {
      "addr": "贵州省贵阳市花溪区花溪大道3068号",
      "createDate": 1439949963000,
      "id": 7,
      "modifyDate": 1439949963000,
      "name": "舒普玛花溪大道店",
      "phone": "0851-83616537"
    },
    {
      "addr": "贵州省遵义市红花岗区中华路1号东大百货商场一楼",
      "createDate": 1439949989000,
      "id": 8,
      "modifyDate": 1439949989000,
      "name": "舒普玛遵义丁字口店",
      "phone": "0851-28224690"
    }
  ],
  "success": true,
  "totalCount": 8
}