{
  "data": {
    "address": "刘彩虹，13811111111，浙江省杭州市余杭区，3rerterte，311100",
    "amount": 4343,
    "amountCNY": 211.1060037612915,
    "discount":100,
    "createDate": "2015-07-09 10:19:33",
    "expireDate": "2015-07-20 10:19:33",
    "paymentDate": "2015-07-11 10:19:33",
    "expired": false,
    "memo": "32423523",
    "freight": 20.00,
    "couponDiscount":5,"couponName":"1000元大礼",
    "items": [
      {
        "name": "DHC Protein Diet蛋白质安全减肥代餐奶昔奶茶[50g*7袋]",
        "price": 27,
        "priceCNY": 167.64300298690796,
        "productId": 534,
        "quantity": 1,
        "returnQuantity":1,
        "drawbackQuantity":0,
        "refundPrice":60,
        "thumbnailUrl": "//365meirihui.com/upload/image/201505/25/228b2175-9398-4478-b51a-39fd92279bf9-thumbnail.jpg",
        "mediumUrl": "//365meirihui.com/upload/image/201506/09/90adc717-f4ff-4ec1-a877-81679ef7cfdf-medium.jpg"
      },
      {
        "name": "防龟裂脚跟保护套[一足份（2枚入）]",
        "price": 7,
        "priceCNY": 43.463000774383545,
        "productId": 921,
        "quantity": 1,
        "returnQuantity":0,
        "drawbackQuantity":0,
        "refundPrice":60,
        "mediumUrl": "//365meirihui.com/upload/image/201505/13/7bda24f0-f7b3-4874-aae6-1bfdc8229584-medium.jpg",
        "thumbnailUrl": "//365meirihui.com/upload/image/201505/13/7bda24f0-f7b3-4874-aae6-1bfdc8229584-thumbnail.jpg"
      }
    ],
    "orderId": 638,
    "orderStatus": "confirmed",
    "paymentStatus": "paid",
    "shippingStatus": "unshipped",
    "customsStatus": "unreport",
    "sn": "201507093438"
  },
  "success": true
}


