{
  "data": [
    {
      "addr": "下城区天水街道狮虎桥路戒坛寺巷103号",
      "createDate": 1436690063000,
      "id": 1,
      "modifyDate": 1447121142000,
      "name": "杭州武林门体验店",
      "phone": "0571-88888888",
      "areaCode1": 926,
      "areaCode2": 927,
      "areaCode3": 928,
      "areaFullname": "浙江省杭州市上城区",
      "zipCode": "000000",
      "username": "王大锤",
      "password":"",
      "mobile":"13588888888",
      "managerRate":2,
      "userRate":1.25,
      "rules":"提成规则"
    },
    {
      "addr": "贵州省遵义市红花岗区中华路1号东大百货商场一楼",
      "createDate": 1439949989000,
      "id": 9,
      "modifyDate": 1439949989000,
      "name": "舒普玛遵义丁字口店",
      "phone": "0851-28224690",
      "areaCode1": 926,
      "areaCode2": 927,
      "areaCode3": 929,
      "areaFullname": "浙江省杭州市上城区",
      "zipCode": "000000",
      "username": "凤姐",
      "password":"",
      "mobile":"13588888888",
      "managerRate":2,
      "userRate":1.25,
      "rules":"提成规则"
    }
  ],
  "success": true,
  "totalCount": 8
}