{
  "totalCount":10,
  "success": true,
  "data":[{
    "id":1,
    "sn":20151212145,
    "amount":200,
    "status":"accepting",
    "username":"张三",
    "storename":"杭州武林门体验店",
    "mobile":13758170572,
    "bankcard":25235235235235235,
    "bankname":"中国银行",
    "bankdeposit":"西溪支行",
    "createDate":143728738278
  },{
    "id":2,
    "sn":20151212145,
    "amount":200,
    "status":"success",
    "username":"李四",
    "storename":"杭州武林门体验店",
    "mobile":13758170572,
    "bankcard":25235235235235235,
    "bankname":"中国银行",
    "bankdeposit":"西溪支行",
    "createDate":143728738278
  },{
    "id":3,
    "sn":20151212145,
    "amount":200,
    "status":"refuse",
    "username":"网无忧",
    "storename":"杭州武林门体验店",
    "mobile":13758170572,
    "bankcard":25235235235235235,
    "bankname":"中国银行",
    "bankdeposit":"西溪支行",
    "createDate":143728738278,
    "reason":"帐号有问题"
  }]
}