{
  "data": [
    {
      "commentDate": "2015-11-09 10:59:17",
      "content": "以前买过，用着不错，看到有活动就囤货了。好评！",
      "username": "13758170572"
    },
    {
      "commentDate": "2015-11-09 09:38:20",
      "content": "两大瓶，比想象中分量要足。质地挺稀的，抹在手上试了试感觉滋润度很好，冬天当护手霜不错。。。",
      "username": "13758170572"
    },
    {
      "commentDate": "2015-10-30 16:30:28",
      "content": "不错",
      "username": "13501687959"
    },
    {
      "commentDate": "2015-10-25 21:03:17",
      "content": "惊喜！",
      "username": "13967386016"
    },
    {
      "commentDate": "2015-10-24 15:20:11",
      "content": "马油特别好 抹在脸上不油腻 而且还美白 好评 是正品！",
      "username": "15145393028"
    },
    {
      "commentDate": "2015-10-24 15:20:00",
      "content": "马油特别好 抹在脸上不油腻 而且还美白 好评 是正品！",
      "username": "15145393028"
    },
    {
      "commentDate": "2015-10-14 19:40:45",
      "content": "惊喜！",
      "username": "13588817717"
    },
    {
      "commentDate": "2015-10-12 16:19:14",
      "content": "惊喜！",
      "username": "13777593143"
    },
    {
      "commentDate": "2015-10-12 09:23:20",
      "content": "惊喜！",
      "username": "13958181044"
    },
    {
      "commentDate": "2015-10-03 14:20:17",
      "content": "惊喜！",
      "username": "13774213701"
    },
    {
      "commentDate": "2015-09-30 23:41:12",
      "content": "划算",
      "username": "15921980708"
    },
    {
      "commentDate": "2015-09-30 15:32:36",
      "content": "惊喜！",
      "username": "18964099879"
    },
    {
      "commentDate": "2015-09-29 13:28:38",
      "content": "惊喜！",
      "username": "13588241996"
    },
    {
      "commentDate": "2015-09-29 13:20:28",
      "content": "惊喜！",
      "username": "13588241996"
    },
    {
      "commentDate": "2015-09-29 13:18:17",
      "content": "惊喜！",
      "username": "13588241996"
    },
    {
      "commentDate": "2015-09-29 13:17:49",
      "content": "惊喜！",
      "username": "13588241996"
    },
    {
      "commentDate": "2015-09-29 13:17:07",
      "content": "惊喜！",
      "username": "13588241996"
    },
    {
      "commentDate": "2015-09-28 13:16:40",
      "content": "惊喜！",
      "username": "15998493596"
    },
    {
      "commentDate": "2015-09-27 09:43:09",
      "content": "非常好，非常划算！日本的产品，品质放心！全身都可以用，不油腻，吸收快！！！大赞！非常好，非常划算！日本的产品，品质放心！全身都可以用，不油腻，吸收快！！！大赞！",
      "username": "15585104080"
    },
    {
      "commentDate": "2015-09-27 09:42:28",
      "content": "超级舒服，超级划算，一点也不油腻，全身都可以擦！！！！非常好，非常划算！日本的产品，品质放心！",
      "username": "15585104080"
    }
  ],
  "success": true,
  "totalCount": 36
}