{
  "data": {
    "barcode": "4901872837144",
    "buyers": 77,
    "categoryId": 79,
    "categoryName": "美容美发",
    "id": 999,
    "introduction": "<img src=\"http://365meirihui.com/upload/image/201511/11/9a4a2473-dfb4-4a7c-bded-169fed18454e.jpg\" alt=\"\" /><img src=\"http://365meirihui.com/upload/image/201511/11/4ac69d92-2f3a-4065-ba67-1ccb646aad40.jpg\" alt=\"\" /><img src=\"http://365meirihui.com/upload/image/201511/11/b2fe12dd-614d-4237-83dd-58a669a8d0fb.jpg\" alt=\"\" /><img src=\"http://365meirihui.com/upload/image/201511/11/3ebd308b-6936-4a00-bc2a-35c1f646dbf1.jpg\" alt=\"\" /><img src=\"http://365meirihui.com/upload/image/201511/11/e5f59c13-353f-484e-beec-732b3177ca54.jpg\" alt=\"\" /><img src=\"http://365meirihui.com/upload/image/201511/11/40445d40-3bdf-4561-99b7-33ecf99b8f5e.jpg\" alt=\"\" /><img src=\"http://365meirihui.com/upload/image/201511/11/aa777ed7-8f7d-41f5-a463-1bc461239685.jpg\" alt=\"\" /><img src=\"http://365meirihui.com/upload/image/201511/11/f5b6f310-5e70-46b5-880a-c617c0ce89d1.jpg\" alt=\"\" /><img src=\"http://365meirihui.com/upload/image/201511/11/df64f1a6-273d-4e97-8eb6-c26a1fc9e38d.jpg\" alt=\"\" /><img src=\"http://365meirihui.com/upload/image/201511/11/0307f5ff-b7f6-452f-81e0-fbf8b16a1212.jpg\" alt=\"\" /><img src=\"http://365meirihui.com/upload/image/201511/11/43e243e7-9bc1-4079-b9ad-5978bcb54214.jpg\" alt=\"\" /><img src=\"http://365meirihui.com/upload/image/201511/11/4a8ee886-47be-41f7-aba5-145a35f1191c.jpg\" alt=\"\" /><img src=\"http://365meirihui.com/upload/image/201511/11/0197f285-03dc-41b0-823e-10cff7ca3623.jpg\" alt=\"\" />",
    "isGift": false,
    "isMarketable": true,
    "marketPrice": 117.000000,
    "name": "资生堂Fino渗透发膜230g 修护倒膜强韧/防断",
    "price": 69.000000,
    "productImages": [
      {
        "large": "http://365meirihui.com/upload/image/201511/11/7a981464-0d74-4e37-867c-f57760bd398d-large.jpg",
        "source": "http://365meirihui.com/upload/image/201511/11/7a981464-0d74-4e37-867c-f57760bd398d-medium.jpg",
        "thumbnail": "http://365meirihui.com/upload/image/201511/11/7a981464-0d74-4e37-867c-f57760bd398d-thumbnail.jpg"
      },
      {
        "large": "http://365meirihui.com/upload/image/201511/11/ac179140-d280-4406-89f3-a4b453d0d42a-large.jpg",
        "source": "http://365meirihui.com/upload/image/201511/11/ac179140-d280-4406-89f3-a4b453d0d42a-medium.jpg",
        "thumbnail": "http://365meirihui.com/upload/image/201511/11/ac179140-d280-4406-89f3-a4b453d0d42a-thumbnail.jpg"
      },
      {
        "large": "http://365meirihui.com/upload/image/201511/11/1cbf597c-b51f-4411-9428-5985ef7fb9a0-large.jpg",
        "source": "http://365meirihui.com/upload/image/201511/11/1cbf597c-b51f-4411-9428-5985ef7fb9a0-medium.jpg",
        "thumbnail": "http://365meirihui.com/upload/image/201511/11/1cbf597c-b51f-4411-9428-5985ef7fb9a0-thumbnail.jpg"
      },
      {
        "large": "http://365meirihui.com/upload/image/201511/11/3310718c-0c4a-4b8f-b69b-9616d6a39c83-large.jpg",
        "source": "http://365meirihui.com/upload/image/201511/11/3310718c-0c4a-4b8f-b69b-9616d6a39c83-medium.jpg",
        "thumbnail": "http://365meirihui.com/upload/image/201511/11/3310718c-0c4a-4b8f-b69b-9616d6a39c83-thumbnail.jpg"
      }
    ],
    "score": 3.4,
    "specifications": [
      {
        "id": 628,
        "name": "230g",
        "productId": 999
      }
    ],
    "stock": 5,
    "unit": "瓶",
    "themeId":1,
    "themeTypeId":2
  },
  "success": true
}