{
  "success": true,
  "totalCount":6,
  "data": [
    {
      "id": 1,
      "name": "h**儿",
      "styleTyle":"颜色分类:黑色",
      "Number":1,
      "Price":"51.00",
      "time":"2015-04-09 12:10:09"
    },
    {
      "id": 2,
      "name": "h**儿",
      "styleTyle":"颜色分类:黑色",
      "Number":1,
      "Price":"51.00",
      "time":"2015-04-09 12:10:09"
    },
    {
      "id": 3,
      "name": "h**儿",
      "styleTyle":"颜色分类:黑色",
      "Number":1,
      "Price":"51.00",
      "time":"2015-04-09 12:10:09"
    }
  ,
    {
      "id": 4,
      "name": "h**儿",
      "styleTyle":"颜色分类:黑色",
      "Number":1,
      "Price":"51.00",
      "time":"2015-04-09 12:10:09"
    }
  ,
    {
      "id": 5,
      "name": "h**儿",
      "styleTyle":"颜色分类:黑色",
      "Number":1,
      "Price":"51.00",
      "time":"2015-04-09 12:10:09"
    }
  ,
    {
      "id": 6,
      "name": "h**儿",
      "styleTyle":"颜色分类:黑色",
      "Number":1,
      "Price":"51.00",
      "time":"2015-04-09 12:10:09"
    }
  ]
}