{
  "data": [
    {
      "barcode": "4987246601917",
      "beginDate": 1446206400000,
      "brief": "【鼻舒乐 通气鼻贴】鼻贴是一种不含任何药物成分的贴片，安全无毒，也不含橡胶，可适合过敏肤质使用。除了可以有效减低睡眠时打鼾的程度，还能用来缓解由于过敏，感冒引起的鼻塞。",
      "briefImg": "http://365meirihui.com/upload/image/201510/27/63961634-bb48-4850-9c8d-82ac85f84ce0.jpg",
      "discount": 5,
      "endDate": 1447588799000,
      "marketPrice": 92,
      "name": "Breathe Right鼻舒乐通气鼻贴[肤色]",
      "pcImg": "http://365meirihui.com/upload/image/201510/30/3478ced9-a6b5-449e-b755-d45924084313.jpg",
      "price": 46,
      "productId": 897,
      "stock": 58,
      "tagIds": "1",
      "wxImg": "http://365meirihui.com/upload/image/201510/30/8b1e581b-635a-49ae-8bbf-a34889580eb3.jpg"
    },
    {
      "barcode": "4560151300917",
      "beginDate": 1446206400000,
      "brief": "【安眠田 睡觉检测贴】通过测定睡眠过程中的精神性发汗量判定睡眠深度，同时检测贴上还会显示睡眠时间。每天简单的测定有助于提高生活质量。",
      "briefImg": "http://365meirihui.com/upload/image/201510/27/1c6fd4da-9a0a-48e2-a1e9-72b29bd8bdc2.jpg",
      "discount": 3.3,
      "endDate": 1447588799000,
      "marketPrice": 150,
      "name": "安眠田检测:睡觉的程度贴(深度)会进行调查(3枚装)[1盒3片]",
      "pcImg": "http://365meirihui.com/upload/image/201510/30/4f073c19-584e-4bb2-a13e-379fc97ff0ec.jpg",
      "price": 49,
      "productId": 701,
      "stock": 58,
      "tagIds": "1",
      "wxImg": "http://365meirihui.com/upload/image/201510/30/ef445f6c-f9e5-4e89-9762-e0c6cb7d2791.jpg"
    },
    {
      "barcode": "4903301138525",
      "beginDate": 1446206400000,
      "brief": "【狮王 腿足轻松舒爽贴】日本腿足护理专家，随身携带的足疗师。在日本连续畅销六年，将本足贴直接贴于足底反射区，解除关节酸软、肌肉劳损、手脚冰冷、脚臭、脚汗、女性周期不顺、血液循环欠佳，同时能缓解风寒湿。",
      "briefImg": "http://365meirihui.com/upload/image/201510/26/db9397af-9d70-41ce-94a5-c834290c3414.jpg",
      "discount": 4,
      "endDate": 1447588799000,
      "marketPrice": 110,
      "name": "日本LION狮王休足时间腿足轻松舒爽贴[18片/盒]",
      "pcImg": "http://365meirihui.com/upload/image/201510/30/5056481e-b4c0-4e7c-aba8-8131dc56199c.jpg",
      "price": 45,
      "productId": 912,
      "stock": 76,
      "tagIds": "2",
      "wxImg": "http://365meirihui.com/upload/image/201510/30/f0dd0843-3f79-441a-885f-e67acfa36016.jpg"
    },
    {
      "barcode": "4971902921228",
      "beginDate": 1446206400000,
      "brief": "【纪阳儿童用退热贴】日本最具人气的儿童退热贴！安全物理退烧，快速降温，效果持续8小时，急性发烧时可替代湿毛巾、冰布贴在前额，脸颊，潮热皮肤等需退热部位使用。宝宝更健康，妈妈更安心！",
      "briefImg": "http://365meirihui.com/upload/image/201510/25/e6254cf7-2975-41b4-83bc-a5bc4609e2e2.png",
      "discount": 7,
      "endDate": 1447588799000,
      "marketPrice": 66,
      "name": "日本纪阳除虫菊婴幼儿弱酸性无香物理降温 减痛贴 退烧贴 退热贴[12片/盒]",
      "pcImg": "http://365meirihui.com/upload/image/201510/30/1fd68477-01be-4ee8-a332-b210927344e4.jpg",
      "price": 46,
      "productId": 964,
      "stock": 56,
      "tagIds": "2",
      "wxImg": "http://365meirihui.com/upload/image/201510/30/481ee89f-362c-4ea6-b3e2-d0216f8a8a78.png"
    },
    {
      "barcode": "4903333105069",
      "beginDate": 1446206400000,
      "brief": "【巧虎 防蛀健齿糖】含90%木糖醇成分，可抑制实物中酸性物质产生，不含砂糖。添加DC护齿成分，可抑制牙齿中细菌的产生。水果味，更好吃！",
      "briefImg": "http://365meirihui.com/upload/image/201510/25/ee17dfaf-92d0-410c-b1fc-a821de99a3e1.png",
      "discount": 4,
      "endDate": 1447588799000,
      "marketPrice": 44,
      "name": "日本进口宝宝巧虎防蛀健齿糖[31g]",
      "pcImg": "http://365meirihui.com/upload/image/201510/30/83688561-cd12-4800-974c-13d08dd6afde.jpg",
      "price": 17.5,
      "productId": 1006,
      "stock": 54,
      "tagIds": "2",
      "wxImg": "http://365meirihui.com/upload/image/201510/30/8719af79-635c-4e6d-ba5c-a287054b8454.png"
    },
    {
      "barcode": "4987306018426",
      "beginDate": 1446206400000,
      "brief": "【大正制药 减脂咖啡】天然咖啡豆配合低聚甘露糖，抑制脂肪吸收，专为缺少运动，体脂肪堆积人士准备。日本消费者厅许可的特定保健用食品！长期饮用可以起到保健的作用。",
      "briefImg": "http://365meirihui.com/upload/image/201510/23/8d508442-8e31-440c-915f-10d844eeb868.png",
      "discount": 4.1,
      "endDate": 1447588799000,
      "marketPrice": 318,
      "name": "大正制药 Livita 保健减脂咖啡[4.5gX30/盒]",
      "pcImg": "http://365meirihui.com/upload/image/201510/30/0440dbc7-2483-43c2-9174-a0c461db2257.png",
      "price": 129,
      "productId": 925,
      "stock": 83,
      "tagIds": "3",
      "wxImg": "http://365meirihui.com/upload/image/201510/30/a35d3126-0696-4b62-9872-0acd609a209d.png"
    },
    {
      "barcode": "4987072011225",
      "beginDate": 1446206400000,
      "brief": "【小林 液体创口贴】日本最受欢迎的液体创可贴，透明胶状，含酒精有消毒作用，擦完后马上形成透明薄膜，紧紧的覆盖伤口。干燥后，不管做什么事，手上的伤口都不会影响到。",
      "briefImg": "http://365meirihui.com/upload/image/201510/22/3de50b6d-57bf-48be-9dc1-e8c948474474.png",
      "discount": 3.5,
      "endDate": 1447588799000,
      "marketPrice": 110,
      "name": "日本小林制药 防水液体创可贴[10g]",
      "pcImg": "http://365meirihui.com/upload/image/201510/30/cd570c95-d21d-4a6e-81a5-c772689c17e8.png",
      "price": 39,
      "productId": 1053,
      "stock": 70,
      "tagIds": "3",
      "wxImg": "http://365meirihui.com/upload/image/201510/30/ace20c81-6cdc-4a4a-b18c-ceef9b8cb67f.png"
    },
    {
      "barcode": "4902508101004",
      "beginDate": 1446206400000,
      "brief": "【贝亲婴儿含油棉棒（细轴类型）】100%纯棉，含橄榄油！清洁同时并保护宝宝幼嫩的耳、鼻部皮肤及粘膜不会受到伤害，适合宝宝的小鼻子、耳朵、肚脐等部位！每支单独包装，直径仅为4mm！我们用心，妈妈放心！新生儿即可使用。",
      "briefImg": "http://365meirihui.com/upload/image/201510/21/be0be47b-41df-4953-96c7-c46c8401731a.png",
      "discount": 4.5,
      "endDate": 1447588799000,
      "marketPrice": 58,
      "name": "日本贝亲pigeon婴儿橄榄油抗菌棉棒棉签挖耳勺[50支]",
      "pcImg": "http://365meirihui.com/upload/image/201510/30/48fbef97-ac8a-4240-bf69-2335df610071.png",
      "price": 26.1,
      "productId": 941,
      "stock": 60,
      "tagIds": "3",
      "wxImg": "http://365meirihui.com/upload/image/201510/30/0e304d0d-aa37-4b7b-a24d-4e20a9bf2ca2.png"
    },
    {
      "barcode": "4902508105002",
      "beginDate": 1446206400000,
      "brief": "【贝亲 乳液湿巾】采用全新的卫生纹理结构，柔软厚质，不含香料，酒精，配有婴儿润肤乳液，滋润呵护宝宝细嫩肌肤；质感柔软，有韧度，不易断裂 清洁屁屁,也可以用于擦拭宝宝身体和手脚。预防宝宝红臀，更好的呵护和保养宝宝幼嫩的肌肤",
      "briefImg": "http://365meirihui.com/upload/image/201510/21/5199b88b-aaca-412e-80ee-2daefec622a8.png",
      "discount": 4.5,
      "endDate": 1447588799000,
      "marketPrice": 60,
      "name": "贝亲pigeon 婴儿乳液润肤型擦屁股湿巾[66片*3包]",
      "pcImg": "http://365meirihui.com/upload/image/201510/30/17e9bcb4-7900-4d03-a11a-3765b612173f.png",
      "price": 27,
      "productId": 962,
      "stock": 48,
      "tagIds": "4",
      "wxImg": "http://365meirihui.com/upload/image/201510/30/7719be5b-f797-4e17-b759-5bf1f926d352.png"
    },
    {
      "barcode": "4901301229069",
      "beginDate": 1446206400000,
      "brief": "【花王 蒸汽眼罩】，会发热的眼罩，缓解眼疲劳，有效预防眼浮肿，眼袋，黑眼圈，随时随地给眼睛做一次按摩。有了它，无需再为眼睛有眼袋、有黑眼圈而烦恼啦，还不赶快入手~~~",
      "briefImg": "http://365meirihui.com/upload/image/201510/20/2cc7bd01-f5f7-4c8a-a783-17740f3cefcd.jpg",
      "discount": 3.9,
      "endDate": 1447588799000,
      "marketPrice": 150,
      "name": "花王 蒸汽眼罩14片/盒无香型[无香型]",
      "pcImg": "http://365meirihui.com/upload/image/201510/30/ae80c10a-9276-4a83-8a5e-a91da5cd7c88.jpg",
      "price": 59,
      "productId": 399,
      "stock": 79,
      "tagIds": "4",
      "wxImg": "http://365meirihui.com/upload/image/201510/30/5ea60638-6ba3-44c6-9066-e6c419a65b55.jpg"
    },
    {
      "barcode": "4573243660011",
      "beginDate": 1446206400000,
      "brief": "【Gypsophila 生酵素】胖子终极福音，每天只要3元钱，想瘦几斤瘦几斤！排毒，排宿便，养颜，瘦身，增强免疫，抵抗亚健康。日本最经典的排毒瘦身酵素，每天两粒让你的脂肪无处遁形，每天两粒延缓衰老。",
      "briefImg": "http://365meirihui.com/upload/image/201510/19/e1534d4f-f36a-49d0-b2e5-8aaca75e4ed5.jpg",
      "discount": 4.7,
      "endDate": 1447588799000,
      "marketPrice": 190,
      "name": "生酵素222种天然植物水果浓缩精华塑身排毒美容 30日/60粒[60粒]",
      "pcImg": "http://365meirihui.com/upload/image/201510/30/a46ad63d-a406-4c35-bd88-4585fd5779bc.jpg",
      "price": 89,
      "productId": 515,
      "stock": 71,
      "tagIds": "4",
      "wxImg": "http://365meirihui.com/upload/image/201510/30/6334ec16-4853-4607-90ef-de10fedd3502.jpg"
    },
    {
      "barcode": "4901301236883",
      "beginDate": 1446206399000,
      "brief": "【花王 蒸汽热帖】促进血液循环,缓解疲劳，薄片型,从旁边产生眼睛几乎看不到的微细温热蒸气约40℃的舒适快缔温度,持续5-8小时,舒适身心.一次性使用,方便卫生快捷.",
      "briefImg": "http://365meirihui.com/upload/image/201510/19/0014c297-f0ac-4d6f-bb2b-68454eccbfed.png",
      "discount": 4.5,
      "endDate": 1447588799000,
      "marketPrice": 176,
      "name": "花王蒸汽热敷舒缓疼痛贴16枚[16枚/盒]",
      "pcImg": "http://365meirihui.com/upload/image/201511/02/df197683-418a-4def-8962-dc40d284e15f.jpg",
      "price": 79.2,
      "productId": 907,
      "stock": 163,
      "tagIds": "5",
      "wxImg": "http://365meirihui.com/upload/image/201511/02/3f172ac9-b58f-4ea3-9329-9779df246d2b.jpg"
    },
    {
      "barcode": "4971710250916",
      "beginDate": 1446206400000,
      "brief": "【雪肌精药 透明感面膜】可以瘦脸的美白面膜。独特的绷带质地面膜，增加面部的压力感，密实的贴合肌肤，紧致肌肤！提拉下巴，有瘦脸的功效！蕴含丰富的和汉美容液成分，配合白蔹、薏仁、紫罗兰、当归、莲花草、甘油成分，在保湿补水的基础上，美",
      "briefImg": "http://365meirihui.com/upload/image/201510/16/989ad345-9a35-446b-bda1-74fed35918d4.jpg",
      "discount": 2.8,
      "endDate": 1447588799000,
      "marketPrice": 106,
      "name": "日本KOSE雪肌精药用极淬--白雪美白去斑提升紧致面膜[1片/盒]",
      "pcImg": "http://365meirihui.com/upload/image/201510/30/b6e011b7-ea14-4242-b589-5baa6bfc795f.jpg",
      "price": 29.9,
      "productId": 1039,
      "stock": 34,
      "tagIds": "5",
      "wxImg": "http://365meirihui.com/upload/image/201510/30/f30a6d7a-e846-487c-b081-9bbde9520de0.jpg"
    },
    {
      "barcode": "4987072008256",
      "beginDate": 1446206400000,
      "brief": "【小林制药 修护足跟膜】秋冬脚后跟易干燥甚至龟裂、出血，疼痛难忍，严重时无法正常行走。小林制药夜间集中修护足跟膜祛角质，补水保湿，防皱抗裂。天然成分，一夜见效。脚后跟恢复生命力",
      "briefImg": "http://365meirihui.com/upload/image/201510/16/c047b060-d4bd-4726-8c21-e45fd4359845.png",
      "discount": 4.8,
      "endDate": 1447588799000,
      "marketPrice": 150,
      "name": "小林制药夜间集中修护足跟膜[12片/盒]",
      "pcImg": "http://365meirihui.com/upload/image/201510/30/dba1d510-5f09-4b5f-a4b1-3fb0de58d46a.png",
      "price": 72,
      "productId": 913,
      "stock": 52,
      "tagIds": "5",
      "wxImg": "http://365meirihui.com/upload/image/201510/30/ddde30e5-a1ae-49e0-992f-09dc6bb79033.png"
    },
    {
      "barcode": "4992440016672",
      "beginDate": 1446206400000,
      "brief": "【KEANA 苏打洁面粉】草莓鼻，桔子脸？毛孔只要彻底清洁就够了吗？！NO，毛孔也要充分滋润的噢！用小苏打的磨砂力量，帮您彻底解决毛孔问题，不管是烦人的草莓鼻，还是难看的桔皮脸，全部消灭光光！",
      "briefImg": "http://365meirihui.com/upload/image/201510/15/a265fe59-9203-42fb-bfbf-17cf137856bd.png",
      "discount": 4.5,
      "endDate": 1447588799000,
      "marketPrice": 192,
      "name": "日本石泽研究所 KEANA毛穴黑头抚子角质苏打洁面粉洗颜粉（男生用）[100g/瓶]",
      "pcImg": "http://365meirihui.com/upload/image/201510/30/be4f9a60-06cc-4f20-acfb-2db6237869b9.png",
      "price": 87,
      "productId": 1044,
      "stock": 55,
      "tagIds": "6",
      "wxImg": "http://365meirihui.com/upload/image/201510/30/f126e114-bfb6-463b-86a3-e793c492a1e2.png"
    },
    {
      "barcode": "4992440014753",
      "beginDate": 1446206400000,
      "brief": "【KEANA 苏打洁面粉】草莓鼻，桔子脸？毛孔只要彻底清洁就够了吗？！NO，毛孔也要充分滋润的噢！用小苏打的磨砂力量，帮您彻底解决毛孔问题，不管是烦人的草莓鼻，还是难看的桔皮脸，全部消灭光光！",
      "briefImg": "http://365meirihui.com/upload/image/201510/15/8482720a-2104-4c00-8825-ee0d74ba828c.png",
      "discount": 4.5,
      "endDate": 1447588799000,
      "marketPrice": 192,
      "name": "日本石泽研究所 KEANA毛穴黑头抚子角质苏打洁面粉洗颜粉（女生用）[100g/瓶]",
      "pcImg": "http://365meirihui.com/upload/image/201510/30/702cc49f-e5cf-418a-b6ef-99be5ad249ea.png",
      "price": 87,
      "productId": 1043,
      "stock": 47,
      "tagIds": "6",
      "wxImg": "http://365meirihui.com/upload/image/201510/30/f7a4a2ee-bb63-487d-a1f9-7d0361299cb5.png"
    },
    {
      "barcode": "4987306017870",
      "beginDate": 1446206400000,
      "brief": "【大正 降血糖绿茶粉】日本cosme大赏保健部门排行第一，餐后来一杯，抑制血糖值，健康保健；天然安全无副作用，冷饮热饮均可，小包装方便携带，出门在外也不用担心健康，健康生活“喝”出来！",
      "briefImg": "http://365meirihui.com/upload/image/201510/14/492baff2-41ef-454d-9389-9c486cb999c8.jpg",
      "discount": 4.5,
      "endDate": 1447588799000,
      "marketPrice": 112,
      "name": "大正制药livita降血糖控制血糖值玄米绿茶粉末[6包/盒]",
      "pcImg": "http://365meirihui.com/upload/image/201510/30/dca8fd5a-44bb-4f5e-b586-35223bf848a6.jpg",
      "price": 49,
      "productId": 927,
      "stock": 124,
      "tagIds": "7",
      "wxImg": "http://365meirihui.com/upload/image/201510/30/92dddc3c-874f-45cb-85b6-5415017ef40a.jpg"
    },
    {
      "barcode": "4971902921938",
      "beginDate": 1446206400000,
      "brief": "【日本纪阳 除虫菊退热贴】发烧、头痛、牙疼都能贴！冷敷物理原理，有效防止高热对脑细胞的损伤，独特的冷感缓释微囊，可10小时提供清凉感觉，夜间贴服，效力持久可达次日清晨！宝宝少生病，妈妈少担心！",
      "briefImg": "http://365meirihui.com/upload/image/201510/14/627a6770-5f4f-4a6d-a741-04c4ebb3da27.jpg",
      "discount": 4.5,
      "endDate": 1447588799000,
      "marketPrice": 84,
      "name": "日本纪阳除虫菊Hello Kitty婴幼儿桃子香味物理降温 减痛贴 退烧贴 退热贴[16片/盒]",
      "pcImg": "http://365meirihui.com/upload/image/201510/30/ad06a64b-0d62-43c5-a89e-e02ab11b98e8.png",
      "price": 37.9,
      "productId": 963,
      "stock": 45,
      "tagIds": "7",
      "wxImg": "http://365meirihui.com/upload/image/201510/30/b3c89909-ee13-4a21-8831-b02a3d0aebaa.png"
    },
    {
      "barcode": "4987167066482",
      "beginDate": 1446206400000,
      "brief": "【Nichiban 儿童防水创口贴】专为幼儿设计，更透气，更防水，更舒适。每个孩子都是妈咪宝贝，每个宝贝的成长阶段，都难免有些磕磕碰碰，这些个伤口可都疼在妈咪的心里！宝宝更健康，妈妈才安心。",
      "briefImg": "http://365meirihui.com/upload/image/201510/14/d62877a8-33a4-4e8b-b62d-b34ee03741c2.jpg",
      "discount": 6,
      "endDate": 1447588799000,
      "marketPrice": 54,
      "name": "Nichiban不二家牛奶妹卡通防水创口贴少儿尺寸16片装[16片/盒]",
      "pcImg": "http://365meirihui.com/upload/image/201510/30/27fbe679-59c7-4520-8455-e1438af9dffd.png",
      "price": 32.9,
      "productId": 932,
      "stock": 25,
      "tagIds": "7",
      "wxImg": "http://365meirihui.com/upload/image/201510/30/d9ff01ca-80d6-4c28-b047-61020fed7951.png"
    },
    {
      "barcode": "4976558001027",
      "beginDate": 1446206400000,
      "brief": "【日本平和 抗菌棉棒】精细小巧，双头棉棒，容易操作，卫生环保，高效去污可用于清洁鼻道，肚脐，无酒精，100%抗菌棉棒。给宝宝最温柔的呵护！惊爆价来袭，机会不容错过哦！",
      "briefImg": "http://365meirihui.com/upload/image/201510/14/6115c658-03d3-4292-b270-c75a4372bc02.jpg",
      "discount": 4,
      "endDate": 1447588799000,
      "marketPrice": 50,
      "name": "日本平和婴儿波纹抗菌棉棒棉签挖耳勺[60支装]",
      "pcImg": "http://365meirihui.com/upload/image/201510/30/b4fa3ef5-6f34-4072-840f-85e47155f847.jpg",
      "price": 19.9,
      "productId": 940,
      "stock": 9,
      "tagIds": "7",
      "wxImg": "http://365meirihui.com/upload/image/201510/30/5fd458ee-51ed-4614-91f1-2cee24a77f94.jpg"
    },
    {
      "barcode": "4901301282248",
      "beginDate": 1446206400000,
      "brief": "【花王KAO 蒸汽颈肩贴】继花王眼罩后，又一重大突破。特有蒸汽技术，酸痛处贴一贴，瞬间缓解身体酸痛不适。安全无毒，可直接贴在皮肤上。温度40℃，舒适而不灼热，促进血液循环，全身心放松，舒适spa无时不在。",
      "briefImg": "http://365meirihui.com/upload/image/201510/12/986102ee-711c-4f12-a46f-a84eeec8dc58.jpg",
      "discount": 8.7,
      "endDate": 1447588799000,
      "marketPrice": 79.9,
      "name": "Kao花王 背肩颈椎缓解肌肉酸痛减压肩贴蒸汽热敷贴[薰衣草香味]",
      "pcImg": "http://365meirihui.com/upload/image/201510/30/9609d737-a233-4e37-8da2-943efe9d8e90.jpg",
      "price": 69.9,
      "productId": 1016,
      "stock": 117,
      "tagIds": "6",
      "wxImg": "http://365meirihui.com/upload/image/201510/30/9b4670fe-2120-46d1-b120-c3d0363aedb8.jpg"
    },
    {
      "barcode": "4543268067379",
      "beginDate": 1446206400000,
      "brief": "【刀豆刷牙纸】摆脱黄牙 ，一笑倾城。全网唯一，刷牙新革命；口腔界的畅销作，添加了专业的“洗磨剂”刀豆，全面帮您清洁每一寸牙齿缝隙，刷掉烦人的牙渍牙结石，形成保护层，让你从此摆脱大黄牙。还能强健牙齿牙龈，预防减少口臭口酸，清新口气",
      "briefImg": "http://365meirihui.com/upload/image/201510/12/62af620d-5d37-4935-9dfc-0e8cb8e25179.jpg",
      "discount": 4.5,
      "endDate": 1447588799000,
      "marketPrice": 76,
      "name": "刀豆刷牙纸[20片/盒]",
      "pcImg": "http://365meirihui.com/upload/image/201510/30/c2c49888-3f35-45f3-bffa-5c49993278f7.png",
      "price": 34.5,
      "productId": 979,
      "stock": 104,
      "tagIds": "1",
      "wxImg": "http://365meirihui.com/upload/image/201510/30/5c53b544-1218-4f49-960b-4012624858db.png"
    },
    {
      "barcode": "4973167300329",
      "beginDate": 1446206400000,
      "brief": "化起妆一切完美，卸了妆皮肤烂到像鬼？粗毛孔，大黑头，多角栓，你的脸是杂质堆积场吗？嘉娜宝药用酵素洗颜粉，一颗释放3万个酵素分子，深入毛孔和角栓，瓦解污垢和皮脂，一周只需两次，让你瞬间拥有放大镜都看不到的丝滑美容颜",
      "briefImg": "http://365meirihui.com/upload/image/201510/12/d2d056e0-48d5-4a48-b84c-29d5d3db9a8f.jpg",
      "discount": 5,
      "endDate": 1447588799000,
      "marketPrice": 238,
      "name": "嘉娜宝 Suisai酵素洗颜粉[32个/盒]",
      "pcImg": "http://365meirihui.com/upload/image/201510/30/2415f411-0818-4ece-975c-f2dcc466aa9e.png",
      "price": 119,
      "productId": 1042,
      "stock": 42,
      "tagIds": "1",
      "wxImg": "http://365meirihui.com/upload/image/201510/30/75bbf463-8083-4477-b059-9b76e094b0cc.png"
    }
  ],
  "success": true
}