{"data":{"continuePrice":13,"continueWeight":1,"firstPrice":43,"firstWeight":1,"freeItems":[{"freeAmount":299,"freeAreaNames":"北京市,天津市,河北省,山西省,内蒙古,辽宁省,吉林省,黑龙江省,上海市,江苏省,浙江省,安徽省,福建省,江西省,山东省,河南省,湖北省,湖南省,广东省,广西省,海南省,重庆市,四川省,贵州省,云南省,西藏,陕西省,甘肃省,青海,宁夏,新疆","freeType":"amount"}],"id":0,"items":[{"continuePrice":10,"continueWeight":1,"deliveryAreaNames":"北京市,天津市,河北省,山西省,湖南省,陕西省","firstPrice":43,"firstWeight":1},{"continuePrice":2,"continueWeight":1,"deliveryAreaNames":"安徽省","firstPrice":34,"firstWeight":1},{"continuePrice":10,"continueWeight":1,"deliveryAreaNames":"福建省,山东省","firstPrice":44,"firstWeight":1},{"continuePrice":8,"continueWeight":1,"deliveryAreaNames":"江西省,河南省,湖北省","firstPrice":42,"firstWeight":1},{"continuePrice":14,"continueWeight":1,"deliveryAreaNames":"海南省,云南省,青海","firstPrice":43,"firstWeight":1},{"continuePrice":21,"continueWeight":1,"deliveryAreaNames":"西藏,新疆","firstPrice":46,"firstWeight":1},{"continuePrice":23,"continueWeight":1,"deliveryAreaNames":"台湾,香港,澳门","firstPrice":50,"firstWeight":1},{"continuePrice":13,"continueWeight":1,"deliveryAreaNames":"内蒙古,辽宁省,广东省,广西省,重庆市,四川省,贵州省,甘肃省","firstPrice":43,"firstWeight":1},{"continuePrice":18,"continueWeight":1,"deliveryAreaNames":"吉林省,黑龙江省,宁夏","firstPrice":43,"firstWeight":1},{"continuePrice":2,"continueWeight":1,"deliveryAreaNames":"上海市,江苏省,浙江省","firstPrice":32,"firstWeight":1},{"continuePrice":6,"continueWeight":1,"deliveryAreaNames":"徐州市,连云港市,宿迁市","firstPrice":36,"firstWeight":1}],"sharePrice":0,"specifiedFree":true},"success":true}