{
  "data": [
    {
      "drawbackQuantity": 0,
      "itemId": 0,
      "orderDate": "2015-11-10 17:51:55",
      "price": 33,
      "productId": 0,
      "quantity": 4,
      "returnChecked": false,
      "returnQuantity": 0,
      "score": 0,
      "specificationName": "220g",
      "username": "15180843537"
    },
    {
      "drawbackQuantity": 0,
      "itemId": 0,
      "orderDate": "2015-11-10 16:43:20",
      "price": 33,
      "productId": 0,
      "quantity": 1,
      "returnChecked": false,
      "returnQuantity": 0,
      "score": 0,
      "specificationName": "220g",
      "username": "13093778971"
    },
    {
      "drawbackQuantity": 0,
      "itemId": 0,
      "orderDate": "2015-09-29 13:15:02",
      "price": 25,
      "productId": 0,
      "quantity": 1,
      "returnChecked": false,
      "returnQuantity": 0,
      "score": 0,
      "specificationName": "220g",
      "username": "13958010191"
    },
    {
      "drawbackQuantity": 0,
      "itemId": 0,
      "orderDate": "2015-09-29 12:33:47",
      "price": 25,
      "productId": 0,
      "quantity": 1,
      "returnChecked": false,
      "returnQuantity": 0,
      "score": 0,
      "specificationName": "220g",
      "username": "18696777696"
    },
    {
      "drawbackQuantity": 0,
      "itemId": 0,
      "orderDate": "2015-09-29 09:24:56",
      "price": 25,
      "productId": 0,
      "quantity": 8,
      "returnChecked": false,
      "returnQuantity": 0,
      "score": 0,
      "specificationName": "220g",
      "username": "13664546429"
    },
    {
      "drawbackQuantity": 0,
      "itemId": 0,
      "orderDate": "2015-09-21 10:02:20",
      "price": 25,
      "productId": 0,
      "quantity": 2,
      "returnChecked": false,
      "returnQuantity": 0,
      "score": 0,
      "specificationName": "220g",
      "username": "15968088160"
    },
    {
      "drawbackQuantity": 0,
      "itemId": 0,
      "orderDate": "2015-09-17 10:38:51",
      "price": 25,
      "productId": 0,
      "quantity": 4,
      "returnChecked": false,
      "returnQuantity": 0,
      "score": 0,
      "specificationName": "220g",
      "username": "13588349088"
    },
    {
      "drawbackQuantity": 0,
      "itemId": 0,
      "orderDate": "2015-09-16 12:50:33",
      "price": 25,
      "productId": 0,
      "quantity": 2,
      "returnChecked": false,
      "returnQuantity": 0,
      "score": 0,
      "specificationName": "220g",
      "username": "13989865731"
    },
    {
      "drawbackQuantity": 0,
      "itemId": 0,
      "orderDate": "2015-09-15 15:29:17",
      "price": 25,
      "productId": 0,
      "quantity": 4,
      "returnChecked": false,
      "returnQuantity": 0,
      "score": 0,
      "specificationName": "220g",
      "username": "13651748100"
    },
    {
      "drawbackQuantity": 0,
      "itemId": 0,
      "orderDate": "2015-09-12 23:13:36",
      "price": 25,
      "productId": 0,
      "quantity": 2,
      "returnChecked": false,
      "returnQuantity": 0,
      "score": 0,
      "specificationName": "220g",
      "username": "15858990006"
    },
    {
      "drawbackQuantity": 0,
      "itemId": 0,
      "orderDate": "2015-09-11 09:53:09",
      "price": 25,
      "productId": 0,
      "quantity": 1,
      "returnChecked": false,
      "returnQuantity": 0,
      "score": 0,
      "specificationName": "220g",
      "username": "13291881033"
    },
    {
      "drawbackQuantity": 0,
      "itemId": 0,
      "orderDate": "2015-09-06 17:04:54",
      "price": 25,
      "productId": 0,
      "quantity": 2,
      "returnChecked": false,
      "returnQuantity": 0,
      "score": 0,
      "specificationName": "220g",
      "username": "13251003660"
    },
    {
      "drawbackQuantity": 0,
      "itemId": 0,
      "orderDate": "2015-09-06 13:17:08",
      "price": 25,
      "productId": 0,
      "quantity": 1,
      "returnChecked": false,
      "returnQuantity": 0,
      "score": 0,
      "specificationName": "220g",
      "username": "18758189425"
    },
    {
      "drawbackQuantity": 0,
      "itemId": 0,
      "orderDate": "2015-09-06 13:14:36",
      "price": 25,
      "productId": 0,
      "quantity": 1,
      "returnChecked": false,
      "returnQuantity": 0,
      "score": 0,
      "specificationName": "220g",
      "username": "18758189425"
    },
    {
      "drawbackQuantity": 0,
      "itemId": 0,
      "orderDate": "2015-09-06 13:05:46",
      "price": 25,
      "productId": 0,
      "quantity": 2,
      "returnChecked": false,
      "returnQuantity": 0,
      "score": 0,
      "specificationName": "220g",
      "username": "18758189425"
    },
    {
      "drawbackQuantity": 0,
      "itemId": 0,
      "orderDate": "2015-09-06 13:00:56",
      "price": 25,
      "productId": 0,
      "quantity": 1,
      "returnChecked": false,
      "returnQuantity": 0,
      "score": 0,
      "specificationName": "220g",
      "username": "18758189425"
    },
    {
      "drawbackQuantity": 0,
      "itemId": 0,
      "orderDate": "2015-09-06 12:03:27",
      "price": 25,
      "productId": 0,
      "quantity": 2,
      "returnChecked": false,
      "returnQuantity": 0,
      "score": 0,
      "specificationName": "220g",
      "username": "15858281169"
    },
    {
      "drawbackQuantity": 0,
      "itemId": 0,
      "orderDate": "2015-09-06 12:00:26",
      "price": 25,
      "productId": 0,
      "quantity": 2,
      "returnChecked": false,
      "returnQuantity": 0,
      "score": 0,
      "specificationName": "220g",
      "username": "15858281169"
    },
    {
      "drawbackQuantity": 0,
      "itemId": 0,
      "orderDate": "2015-09-06 11:58:20",
      "price": 25,
      "productId": 0,
      "quantity": 2,
      "returnChecked": false,
      "returnQuantity": 0,
      "score": 0,
      "specificationName": "220g",
      "username": "15858281169"
    },
    {
      "drawbackQuantity": 0,
      "itemId": 0,
      "orderDate": "2015-09-06 11:52:57",
      "price": 25,
      "productId": 0,
      "quantity": 2,
      "returnChecked": false,
      "returnQuantity": 0,
      "score": 0,
      "specificationName": "220g",
      "username": "15858281169"
    }
  ],
  "success": true,
  "totalCount": 759
}