{
  "data": [
    {
      "id": 924,
      "marketPrice": 118,
      "mediumUrl": "http://www.365meirihui.com/upload/image/201505/13/cfc2fff1-4b36-4486-8c8b-97cb981ed3cb-medium.jpg",
      "fullName": "日本cogit夜间睡眠专用保湿柔嫩美白美肌护肤手套",
      "name": "日本cogit夜间睡眠专用保湿柔嫩美白美肌护肤手套",
      "price": 39,
      "sales": 37,
      "unit": "盒"
    },
    {
      "id": 462,
      "marketPrice": 150,
      "mediumUrl": "http://365meirihui.com/upload/image/201508/08/3c5b950c-31ce-49eb-952b-2806f52ac7ad-medium.jpg",
      "fullName": "花王 蒸汽眼罩14片/盒洋甘菊香型",
      "name": "花王 蒸汽眼罩14片/盒洋甘菊香型",
      "price": 59,
      "sales": 417,
      "unit": "盒"
    },
    {
      "id": 464,
      "marketPrice": 150,
      "mediumUrl": "http://365meirihui.com/upload/image/201508/08/1794c926-697c-44f8-9449-9fe5e7896285-medium.jpg",
      "fullName": "花王 蒸汽眼罩14片/盒玫瑰香型",
      "name": "花王 蒸汽眼罩14片/盒玫瑰香型",
      "price": 59,
      "sales": 339,
      "unit": "盒"
    },
    {
      "id": 997,
      "marketPrice": 135,
      "mediumUrl": "http://365meirihui.com/upload/image/201511/12/638f76ba-54a7-45e6-95d0-db3b69406acb-medium.jpg",
      "fullName": "日本原装代购 kaminomoto发乃素加美乃素A生/育发男女用无香200ml",
      "name": "日本原装代购 kaminomoto发乃素加美乃素A生/育发男女用无香200ml",
      "price": 99,
      "sales": 26,
      "unit": "瓶"
    },
    {
      "id": 998,
      "marketPrice": 133,
      "mediumUrl": "http://365meirihui.com/upload/image/201508/15/4f8fab43-87e7-492f-a9f6-784dc7587ec5-medium.jpg",
      "fullName": "美源HOYU女士CIELO 植物盖白发染发剂｜染发膏",
      "name": "美源HOYU女士CIELO 植物盖白发染发剂｜染发膏",
      "price": 79,
      "sales": 39,
      "unit": "瓶"
    },
    {
      "id": 399,
      "marketPrice": 150,
      "mediumUrl": "http://365meirihui.com/upload/image/201508/05/c3a9a211-d54a-4dca-93b7-3a3d8d04ae20-medium.jpg",
      "fullName": "花王 蒸汽眼罩14片/盒无香型",
      "name": "花王 蒸汽眼罩14片/盒无香型",
      "price": 59,
      "sales": 625,
      "unit": "盒"
    },
    {
      "id": 627,
      "marketPrice": 76,
      "mediumUrl": "http://365meirihui.com/upload/image/201511/13/92e9452e-b3e1-4b47-b6e4-bfccf1438a8d-medium.jpg",
      "fullName": "千寿制药 隐形眼镜用 泪滴眼液15ML红色",
      "name": "千寿制药 隐形眼镜用 泪滴眼液15ML红色",
      "price": 29,
      "sales": 79,
      "unit": "盒"
    },
    {
      "id": 1085,
      "marketPrice": 108,
      "mediumUrl": "http://365meirihui.com/upload/image/201508/06/5d79bdcd-2f21-4501-a06d-8b047c4a013e-medium.jpg",
      "fullName": "ATSUGI厚木ASTIGU瘦腿袜超黑塑身连裤袜丝袜子",
      "name": "ATSUGI厚木ASTIGU瘦腿袜超黑塑身连裤袜丝袜子",
      "price": 29,
      "sales": 28,
      "unit": "条"
    },
    {
      "id": 863,
      "marketPrice": 318,
      "mediumUrl": "http://365meirihui.com/upload/image/201508/05/56ae8e83-eded-4eb2-b25e-1e89ba0c86e0-medium.jpg",
      "fullName": "佐藤西方圣约翰草安神舒心辅助睡眠食品",
      "name": "佐藤西方圣约翰草安神舒心辅助睡眠食品",
      "price": 119,
      "sales": 20,
      "unit": "瓶"
    },
    {
      "id": 1102,
      "marketPrice": 22,
      "mediumUrl": "http://365meirihui.com/upload/image/201508/17/21c5374a-a5fb-4f10-a96b-03252a9e3b40-medium.jpg",
      "fullName": "狮王宝宝婴幼儿童牙刷 细毛柔软 6~12岁",
      "name": "狮王宝宝婴幼儿童牙刷 细毛柔软 6~12岁",
      "price": 13,
      "sales": 81,
      "unit": "支"
    }
  ],
  "success": true,
  "totalCount":1
}