{
  "success": true,
  "data": [
    {
      "id": 1,
      "name": "Coloskin 液体创可贴 伤口防水隐形胶[11ml]",
      "mediumUrl": "//365meirihui.com/upload/image/201506/09/f166ea4c-74ca-4ec9-9280-1d8dbeb995af-medium.jpg",
      "thumbnailUrl": "//365meirihui.com/upload/image/201505/22/e2c5dfc3-0855-4592-9d99-a9ae586514e0-thumbnail.jpg",
      "price": "10.00",
      "marketPrice":"20",
      "priceCNY": "62.00",
      "scoreCount": 4,
      "sales":445345,
      "isPC":true,
      "isWX":false,
      "itemId":1
    },{
      "id": 2,
      "name": "池田模范堂muhi防虫叮咬[18g]",
      "mediumUrl": "//365meirihui.com/upload/image/201506/09/5035051d-cab2-4886-a29e-d989b8d36785-medium.jpg",
      "thumbnailUrl": "//365meirihui.com/upload/image/201506/09/25af4b5a-ffd5-48e1-892e-3920f5da38fe-medium.jpg",
      "price": "10.00",
      "priceCNY": "62.00",
      "scoreCount": 4,
      "sales":1234
    },{
      "id": 3,
      "name": "MUHI 宝宝蚊虫叮咬止痒液止痒膏[40ml]",
      "mediumUrl": "//365meirihui.com/upload/image/201506/09/aeee1b0a-68a8-49c9-bb78-f1f21ce26ad3-medium.jpg",
      "thumbnailUrl": "//365meirihui.com/upload/image/201505/22/e2c5dfc3-0855-4592-9d99-a9ae586514e0-thumbnail.jpg",
      "price": "10.00",
      "priceCNY": "62.00",
      "scoreCount": 4,
      "sales":1234
    },{
      "id": 4,
      "name": "日本KOWA三次元彩虹系列防雾霾口罩 小号儿童型[12只]",
      "mediumUrl": "//365meirihui.com/upload/image/201505/13/d23c41bd-c9d0-45db-9275-c6bedc810ec8-medium.jpg",
      "thumbnailUrl": "//365meirihui.com/upload/image/201505/22/e2c5dfc3-0855-4592-9d99-a9ae586514e0-thumbnail.jpg",
      "price": "10.00",
      "priceCNY": "62.00",
      "scoreCount": 4,
      "sales":1234
    }
  ,{
      "id": 5,
      "name": "日本贝亲pigeon婴儿安全指甲钳指甲剪[1个/盒]",
      "mediumUrl": "//365meirihui.com/upload/image/201505/13/73faa1bf-cbb1-4daa-b51b-dfc18a16a6da-medium.jpg",
      "thumbnailUrl": "//365meirihui.com/upload/image/201505/22/e2c5dfc3-0855-4592-9d99-a9ae586514e0-thumbnail.jpg",
      "price": "10.00",
      "priceCNY": "62.00",
      "scoreCount": 4,
      "sales":1234
    },{
      "id": 6,
      "name": "MUHI 宝宝蚊虫叮咬止痒液止痒膏",
      "mediumUrl": "//365meirihui.com/upload/image/201505/14/ec3afbfe-ef24-4fa8-9915-34dc0e466d7c-medium.jpg",
      "thumbnailUrl": "//365meirihui.com/upload/image/201505/22/e2c5dfc3-0855-4592-9d99-a9ae586514e0-thumbnail.jpg",
      "price": "10.00",
      "priceCNY": "62.00",
      "scoreCount": 4,
      "sales":1234
    },{
      "id": 7,
      "name": "MUHI 宝宝蚊虫叮咬止痒液止痒膏",
      "mediumUrl": "//365meirihui.com/upload/image/201506/09/560e4b3e-6b36-45e7-8589-31eb53049338-medium.jpg",
      "thumbnailUrl": "//365meirihui.com/upload/image/201505/22/e2c5dfc3-0855-4592-9d99-a9ae586514e0-thumbnail.jpg",
      "price": "10.00",
      "priceCNY": "62.00",
      "scoreCount": 4,
      "sales":1234
    }
  ,{
      "id": 8,
      "name": "MUHI 宝宝蚊虫叮咬止痒液止痒膏",
      "mediumUrl": "//365meirihui.com/upload/image/201506/09/25af4b5a-ffd5-48e1-892e-3920f5da38fe-medium.jpg",
      "thumbnailUrl": "//365meirihui.com/upload/image/201505/22/e2c5dfc3-0855-4592-9d99-a9ae586514e0-thumbnail.jpg",
      "price": "10.00",
      "priceCNY": "62.00",
      "scoreCount": 4,
      "sales":1234
    },{
      "id": 9,
      "name": "MUHI 宝宝蚊虫叮咬止痒液止痒膏",
      "mediumUrl": "//365meirihui.com/upload/image/201506/09/90adc717-f4ff-4ec1-a877-81679ef7cfdf-medium.jpg",
      "thumbnailUrl": "//365meirihui.com/upload/image/201505/22/e2c5dfc3-0855-4592-9d99-a9ae586514e0-thumbnail.jpg",
      "price": "10.00",
      "priceCNY": "62.00",
      "scoreCount": 4,
      "sales":1234
    },{
      "id": 10,
      "name": "MUHI 宝宝蚊虫叮咬止痒液止痒膏",
      "mediumUrl": "//365meirihui.com/upload/image/201506/09/1b7183b2-6549-41a6-9e41-5c74ab042490-medium.jpg",
      "thumbnailUrl": "//365meirihui.com/upload/image/201505/22/e2c5dfc3-0855-4592-9d99-a9ae586514e0-thumbnail.jpg",
      "price": "10.00",
      "priceCNY": "62.00",
      "scoreCount": 4,
      "sales":1234
    },
    {
      "id": 1,
      "name": "MUHI 宝宝蚊虫叮咬止痒液止痒膏",
      "mediumUrl": "//365meirihui.com/upload/image/201506/09/f166ea4c-74ca-4ec9-9280-1d8dbeb995af-medium.jpg",
      "thumbnailUrl": "//365meirihui.com/upload/image/201505/22/e2c5dfc3-0855-4592-9d99-a9ae586514e0-thumbnail.jpg",
      "price": "10.00",
      "priceCNY": "62.00",
      "scoreCount": 4,
      "sales":1234
    },{
      "id": 2,
      "name": "MUHI 宝宝蚊虫叮咬止痒液止痒膏",
      "mediumUrl": "//365meirihui.com/upload/image/201506/09/5035051d-cab2-4886-a29e-d989b8d36785-medium.jpg",
      "thumbnailUrl": "//365meirihui.com/upload/image/201506/09/25af4b5a-ffd5-48e1-892e-3920f5da38fe-medium.jpg",
      "price": "10.00",
      "priceCNY": "62.00",
      "scoreCount": 4,
      "sales":1234
    },{
      "id": 3,
      "name": "MUHI 宝宝蚊虫叮咬止痒液止痒膏",
      "mediumUrl": "//365meirihui.com/upload/image/201506/09/aeee1b0a-68a8-49c9-bb78-f1f21ce26ad3-medium.jpg",
      "thumbnailUrl": "//365meirihui.com/upload/image/201505/22/e2c5dfc3-0855-4592-9d99-a9ae586514e0-thumbnail.jpg",
      "price": "10.00",
      "priceCNY": "62.00",
      "scoreCount": 4,
      "sales":1234
    },{
      "id": 4,
      "name": "MUHI 宝宝蚊虫叮咬止痒液止痒膏",
      "mediumUrl": "//365meirihui.com/upload/image/201505/13/d23c41bd-c9d0-45db-9275-c6bedc810ec8-medium.jpg",
      "thumbnailUrl": "//365meirihui.com/upload/image/201505/22/e2c5dfc3-0855-4592-9d99-a9ae586514e0-thumbnail.jpg",
      "price": "10.00",
      "priceCNY": "62.00",
      "scoreCount": 4,
      "sales":1234
    }
  ,{
      "id": 5,
      "name": "MUHI 宝宝蚊虫叮咬止痒液止痒膏",
      "mediumUrl": "//365meirihui.com/upload/image/201505/13/73faa1bf-cbb1-4daa-b51b-dfc18a16a6da-medium.jpg",
      "thumbnailUrl": "//365meirihui.com/upload/image/201505/22/e2c5dfc3-0855-4592-9d99-a9ae586514e0-thumbnail.jpg",
      "price": "10.00",
      "priceCNY": "62.00",
      "scoreCount": 4,
      "sales":1234
    },{
      "id": 6,
      "name": "MUHI 宝宝蚊虫叮咬止痒液止痒膏",
      "mediumUrl": "//365meirihui.com/upload/image/201505/14/ec3afbfe-ef24-4fa8-9915-34dc0e466d7c-medium.jpg",
      "thumbnailUrl": "//365meirihui.com/upload/image/201505/22/e2c5dfc3-0855-4592-9d99-a9ae586514e0-thumbnail.jpg",
      "price": "10.00",
      "priceCNY": "62.00",
      "scoreCount": 4,
      "sales":1234
    },{
      "id": 7,
      "name": "MUHI 宝宝蚊虫叮咬止痒液止痒膏",
      "mediumUrl": "//365meirihui.com/upload/image/201506/09/560e4b3e-6b36-45e7-8589-31eb53049338-medium.jpg",
      "thumbnailUrl": "//365meirihui.com/upload/image/201505/22/e2c5dfc3-0855-4592-9d99-a9ae586514e0-thumbnail.jpg",
      "price": "10.00",
      "priceCNY": "62.00",
      "scoreCount": 4,
      "sales":1234
    }
  ,{
      "id": 8,
      "name": "MUHI 宝宝蚊虫叮咬止痒液止痒膏",
      "mediumUrl": "//365meirihui.com/upload/image/201506/09/25af4b5a-ffd5-48e1-892e-3920f5da38fe-medium.jpg",
      "thumbnailUrl": "//365meirihui.com/upload/image/201505/22/e2c5dfc3-0855-4592-9d99-a9ae586514e0-thumbnail.jpg",
      "price": "10.00",
      "priceCNY": "62.00",
      "scoreCount": 4,
      "sales":1234
    },{
      "id": 9,
      "name": "MUHI 宝宝蚊虫叮咬止痒液止痒膏",
      "mediumUrl": "//365meirihui.com/upload/image/201506/09/90adc717-f4ff-4ec1-a877-81679ef7cfdf-medium.jpg",
      "thumbnailUrl": "//365meirihui.com/upload/image/201505/22/e2c5dfc3-0855-4592-9d99-a9ae586514e0-thumbnail.jpg",
      "price": "10.00",
      "priceCNY": "62.00",
      "scoreCount": 4,
      "sales":1234
    },{
      "id": 10,
      "name": "MUHI 宝宝蚊虫叮咬止痒液止痒膏",
      "mediumUrl": "//365meirihui.com/upload/image/201506/09/1b7183b2-6549-41a6-9e41-5c74ab042490-medium.jpg",
      "thumbnailUrl": "//365meirihui.com/upload/image/201505/22/e2c5dfc3-0855-4592-9d99-a9ae586514e0-thumbnail.jpg",
      "price": "10.00",
      "marketPrice":"20",
      "priceCNY": "62.00",
      "scoreCount": 4,
      "sales":1234
    }
  ]
}