{
  "success": true,
  "data": [
    {
      "id": 1,
      "name": "爆款专区",
      "icon":"http://www.365meirihui.com/resources/img/floor_1.png"
    },
    {
      "id": 2,
      "name": "折扣专区",
      "icon":"http://www.365meirihui.com/resources/img/floor_2.png"
    },
    {
      "id": 3,
      "name": "母婴会场",
      "icon":"http://www.365meirihui.com/resources/img/floor_3.png"
    },
    {
      "id": 4,
      "name": "美妆会场",
      "icon":"http://www.365meirihui.com/resources/img/floor_1.png"
    },
    {
      "id": 5,
      "name": "日常用品",
      "icon":"http://www.365meirihui.com/resources/img/floor_2.png"
    },
    {
      "id": 6,
      "name": "减肥食品",
      "icon":"http://www.365meirihui.com/resources/img/floor_3.png"
    },
    {
      "id": 7,
      "name": "药品保健",
      "icon":"http://www.365meirihui.com/resources/img/floor_1.png"
    }
  ]
}