{
  "totalCount": 12,
  "success": true,
  "data": [
    {
      "id": 1,
      "title": "妈咪呀，你可知道，缓解产后耻骨痛有妙招缓解产后耻骨痛有妙招缓解产后耻骨痛有妙招",
      "issueDate": 1447741349817,
      "typeName": "母婴",
      "enabled": true
    },
    {
      "id": 2,
      "title": "妈咪呀，你可知道，缓解产后耻骨痛有妙招",
      "issueDate": 1447741349817,
      "typeName": "母婴",
      "enabled": true
    },
    {
      "id": 3,
      "title": "妈咪呀，你可知道，缓解产后耻骨痛有妙招",
      "issueDate": 1447741349817,
      "typeName": "母婴",
      "enabled": true
    }
  ]
}